--------------------------------------------------------
--  파일이 생성됨 - 수요일-12월-29-2021   
--------------------------------------------------------
--------------------------------------------------------
--  DDL for Sequence SEQ_AUTHORITY
--------------------------------------------------------

   CREATE SEQUENCE  "ATEAM"."SEQ_AUTHORITY"  MINVALUE 1 MAXVALUE 9999999999999999999999999999 INCREMENT BY 1 START WITH 141 CACHE 20 NOORDER  NOCYCLE ;
--------------------------------------------------------
--  DDL for Sequence SEQ_FAVORITE
--------------------------------------------------------

   CREATE SEQUENCE  "ATEAM"."SEQ_FAVORITE"  MINVALUE 1 MAXVALUE 9999999999999999999999999999 INCREMENT BY 1 START WITH 141 CACHE 20 NOORDER  NOCYCLE ;
--------------------------------------------------------
--  DDL for Sequence SEQ_REVIEW
--------------------------------------------------------

   CREATE SEQUENCE  "ATEAM"."SEQ_REVIEW"  MINVALUE 1 MAXVALUE 9999999999999999999999999999 INCREMENT BY 1 START WITH 161 CACHE 20 NOORDER  NOCYCLE ;
--------------------------------------------------------
--  DDL for Sequence SEQ_STATE
--------------------------------------------------------

   CREATE SEQUENCE  "ATEAM"."SEQ_STATE"  MINVALUE 1 MAXVALUE 9999999999999999999999999999 INCREMENT BY 1 START WITH 41 CACHE 20 NOORDER  NOCYCLE ;
--------------------------------------------------------
--  DDL for Sequence SEQ_STATE_LOG_ID
--------------------------------------------------------

   CREATE SEQUENCE  "ATEAM"."SEQ_STATE_LOG_ID"  MINVALUE 1 MAXVALUE 9999999999999999999999999999 INCREMENT BY 1 START WITH 6801 CACHE 20 NOORDER  NOCYCLE ;
--------------------------------------------------------
--  DDL for Sequence SEQ_STORE
--------------------------------------------------------

   CREATE SEQUENCE  "ATEAM"."SEQ_STORE"  MINVALUE 1 MAXVALUE 9999999999999999999999999999 INCREMENT BY 1 START WITH 341 CACHE 20 NOORDER  NOCYCLE ;
--------------------------------------------------------
--  DDL for Sequence SEQ_STORE_FILE
--------------------------------------------------------

   CREATE SEQUENCE  "ATEAM"."SEQ_STORE_FILE"  MINVALUE 1 MAXVALUE 9999999999999999999999999999 INCREMENT BY 1 START WITH 341 CACHE 20 NOORDER  NOCYCLE ;
--------------------------------------------------------
--  DDL for Sequence SEQ_WEB_BEST_QNA
--------------------------------------------------------

   CREATE SEQUENCE  "ATEAM"."SEQ_WEB_BEST_QNA"  MINVALUE 1 MAXVALUE 9999999999999999999999999999 INCREMENT BY 1 START WITH 241 CACHE 20 NOORDER  NOCYCLE ;
--------------------------------------------------------
--  DDL for Sequence SEQ_WEB_NOTICE
--------------------------------------------------------

   CREATE SEQUENCE  "ATEAM"."SEQ_WEB_NOTICE"  MINVALUE 1 MAXVALUE 9999999999999999999999999999 INCREMENT BY 1 START WITH 301 CACHE 20 NOORDER  NOCYCLE ;
--------------------------------------------------------
--  DDL for Sequence SEQ_WEB_NOTICE_COMENT
--------------------------------------------------------

   CREATE SEQUENCE  "ATEAM"."SEQ_WEB_NOTICE_COMENT"  MINVALUE 1 MAXVALUE 9999999999999999999999999999 INCREMENT BY 1 START WITH 201 CACHE 20 NOORDER  NOCYCLE ;
--------------------------------------------------------
--  DDL for Sequence SEQ_WEB_QNA
--------------------------------------------------------

   CREATE SEQUENCE  "ATEAM"."SEQ_WEB_QNA"  MINVALUE 1 MAXVALUE 9999999999999999999999999999 INCREMENT BY 1 START WITH 421 CACHE 20 NOORDER  NOCYCLE ;
--------------------------------------------------------
--  DDL for Sequence SEQ_WEB_QNA_COMENT
--------------------------------------------------------

   CREATE SEQUENCE  "ATEAM"."SEQ_WEB_QNA_COMENT"  MINVALUE 1 MAXVALUE 9999999999999999999999999999 INCREMENT BY 1 START WITH 21 CACHE 20 NOORDER  NOCYCLE ;
--------------------------------------------------------
--  DDL for Table AUTHORITY
--------------------------------------------------------

  CREATE TABLE "ATEAM"."AUTHORITY" 
   (	"CUSTOMER_EMAIL" VARCHAR2(100 BYTE), 
	"AUTHORITY_NAME" VARCHAR2(20 BYTE) DEFAULT 'ROLE_CUSTOMER', 
	"AUTHORITY_NUMBER" NUMBER
   ) SEGMENT CREATION IMMEDIATE 
  PCTFREE 10 PCTUSED 40 INITRANS 1 MAXTRANS 255 NOCOMPRESS LOGGING
  STORAGE(INITIAL 65536 NEXT 1048576 MINEXTENTS 1 MAXEXTENTS 2147483645
  PCTINCREASE 0 FREELISTS 1 FREELIST GROUPS 1 BUFFER_POOL DEFAULT FLASH_CACHE DEFAULT CELL_FLASH_CACHE DEFAULT)
  TABLESPACE "SYSTEM" ;
--------------------------------------------------------
--  DDL for Table CUSTOMER
--------------------------------------------------------

  CREATE TABLE "ATEAM"."CUSTOMER" 
   (	"CUSTOMER_EMAIL" VARCHAR2(100 BYTE), 
	"CUSTOMER_PW" VARCHAR2(200 BYTE), 
	"CUSTOMER_NAME" VARCHAR2(20 BYTE), 
	"CUSTOMER_PICTURE" VARCHAR2(2000 BYTE), 
	"KAKAO" VARCHAR2(100 BYTE), 
	"ADMIN" VARCHAR2(1 BYTE) DEFAULT 'C', 
	"CITY" VARCHAR2(100 BYTE), 
	"ADDR" VARCHAR2(100 BYTE), 
	"CUSTOMER_FILENAME" VARCHAR2(2000 BYTE), 
	"SOCIAL" VARCHAR2(3 BYTE), 
	"COM_NAME" VARCHAR2(64 BYTE), 
	"IP_ADDR" VARCHAR2(64 BYTE), 
	"LOGIN_TIME" DATE DEFAULT sysdate, 
	"AUTO_LOGIN" VARCHAR2(1 BYTE) DEFAULT 'N', 
	"ISACCOUNTNONEXPIRED" NUMBER, 
	"ISACCOUNTNONLOCKED" NUMBER, 
	"ISCREDENTIALSNONEXPIRED" NUMBER, 
	"ISENABLED" NUMBER, 
	"JOINDATE" DATE DEFAULT sysdate
   ) SEGMENT CREATION IMMEDIATE 
  PCTFREE 10 PCTUSED 40 INITRANS 1 MAXTRANS 255 NOCOMPRESS LOGGING
  STORAGE(INITIAL 65536 NEXT 1048576 MINEXTENTS 1 MAXEXTENTS 2147483645
  PCTINCREASE 0 FREELISTS 1 FREELIST GROUPS 1 BUFFER_POOL DEFAULT FLASH_CACHE DEFAULT CELL_FLASH_CACHE DEFAULT)
  TABLESPACE "SYSTEM" ;

   COMMENT ON COLUMN "ATEAM"."CUSTOMER"."ADMIN" IS 'customer ''C'',
store master ''M''
admin ''A''';
   COMMENT ON COLUMN "ATEAM"."CUSTOMER"."SOCIAL" IS 'naver is ''N'', kakao is ''K''
';
--------------------------------------------------------
--  DDL for Table FAVORITE
--------------------------------------------------------

  CREATE TABLE "ATEAM"."FAVORITE" 
   (	"FAV_NUMBER" NUMBER, 
	"CUSTOMER_EMAIL" VARCHAR2(100 BYTE), 
	"STORE_NUMBER" NUMBER
   ) SEGMENT CREATION IMMEDIATE 
  PCTFREE 10 PCTUSED 40 INITRANS 1 MAXTRANS 255 NOCOMPRESS LOGGING
  STORAGE(INITIAL 65536 NEXT 1048576 MINEXTENTS 1 MAXEXTENTS 2147483645
  PCTINCREASE 0 FREELISTS 1 FREELIST GROUPS 1 BUFFER_POOL DEFAULT FLASH_CACHE DEFAULT CELL_FLASH_CACHE DEFAULT)
  TABLESPACE "SYSTEM" ;
--------------------------------------------------------
--  DDL for Table REVIEW
--------------------------------------------------------

  CREATE TABLE "ATEAM"."REVIEW" 
   (	"REVIEW_ID" NUMBER, 
	"CUSTOMER_EMAIL" VARCHAR2(100 BYTE), 
	"STORE_NUMBER" NUMBER, 
	"REVIEW_TITLE" VARCHAR2(300 BYTE), 
	"REVIEW_CONTENT" CLOB, 
	"REVIEW_WRITEDATE" DATE DEFAULT sysdate, 
	"REVIEW_READCNT" NUMBER DEFAULT 0, 
	"REVIEW_FILENAME" VARCHAR2(300 BYTE), 
	"REVIEW_FILEPATH" VARCHAR2(500 BYTE), 
	"REVIEW_SCORE" VARCHAR2(100 BYTE) DEFAULT 0
   ) SEGMENT CREATION IMMEDIATE 
  PCTFREE 10 PCTUSED 40 INITRANS 1 MAXTRANS 255 NOCOMPRESS LOGGING
  STORAGE(INITIAL 65536 NEXT 1048576 MINEXTENTS 1 MAXEXTENTS 2147483645
  PCTINCREASE 0 FREELISTS 1 FREELIST GROUPS 1 BUFFER_POOL DEFAULT FLASH_CACHE DEFAULT CELL_FLASH_CACHE DEFAULT)
  TABLESPACE "SYSTEM" 
 LOB ("REVIEW_CONTENT") STORE AS BASICFILE (
  TABLESPACE "SYSTEM" ENABLE STORAGE IN ROW CHUNK 8192 RETENTION 
  NOCACHE LOGGING 
  STORAGE(INITIAL 65536 NEXT 1048576 MINEXTENTS 1 MAXEXTENTS 2147483645
  PCTINCREASE 0 FREELISTS 1 FREELIST GROUPS 1 BUFFER_POOL DEFAULT FLASH_CACHE DEFAULT CELL_FLASH_CACHE DEFAULT)) ;

   COMMENT ON COLUMN "ATEAM"."REVIEW"."CUSTOMER_EMAIL" IS 'writer
';
--------------------------------------------------------
--  DDL for Table SENSOR
--------------------------------------------------------

  CREATE TABLE "ATEAM"."SENSOR" 
   (	"SENSOR_ID" NUMBER, 
	"LATITUDE" NUMBER, 
	"LONGITUDE" NUMBER, 
	"STORE_NUMBER" NUMBER, 
	"SENSOR_NUMBER" NUMBER
   ) SEGMENT CREATION IMMEDIATE 
  PCTFREE 10 PCTUSED 40 INITRANS 1 MAXTRANS 255 NOCOMPRESS LOGGING
  STORAGE(INITIAL 65536 NEXT 1048576 MINEXTENTS 1 MAXEXTENTS 2147483645
  PCTINCREASE 0 FREELISTS 1 FREELIST GROUPS 1 BUFFER_POOL DEFAULT FLASH_CACHE DEFAULT CELL_FLASH_CACHE DEFAULT)
  TABLESPACE "SYSTEM" ;

   COMMENT ON COLUMN "ATEAM"."SENSOR"."SENSOR_ID" IS 'now_state is ''X'' = 0
';
--------------------------------------------------------
--  DDL for Table STATE
--------------------------------------------------------

  CREATE TABLE "ATEAM"."STATE" 
   (	"INVENTORY_NUMBER" NUMBER, 
	"STORE_NUMBER" NUMBER, 
	"SENSOR_ID" NUMBER, 
	"NOW_STATE" VARCHAR2(3 BYTE) DEFAULT 'Y', 
	"CREATE_DATE" DATE DEFAULT sysdate, 
	"CHANGE_DATE" DATE DEFAULT sysdate
   ) SEGMENT CREATION IMMEDIATE 
  PCTFREE 10 PCTUSED 40 INITRANS 1 MAXTRANS 255 NOCOMPRESS LOGGING
  STORAGE(INITIAL 65536 NEXT 1048576 MINEXTENTS 1 MAXEXTENTS 2147483645
  PCTINCREASE 0 FREELISTS 1 FREELIST GROUPS 1 BUFFER_POOL DEFAULT FLASH_CACHE DEFAULT CELL_FLASH_CACHE DEFAULT)
  TABLESPACE "SYSTEM" ;

   COMMENT ON COLUMN "ATEAM"."STATE"."NOW_STATE" IS 'usable ''Y''
unusable ''N''
no ''X''
';
--------------------------------------------------------
--  DDL for Table STATE_LOG
--------------------------------------------------------

  CREATE TABLE "ATEAM"."STATE_LOG" 
   (	"LOG_ID" NUMBER, 
	"INVENTORY_NUMBER" NUMBER, 
	"STORE_NUMBER" NUMBER, 
	"SENSOR_ID" NUMBER, 
	"LOG" DATE, 
	"IN_OUT" VARCHAR2(3 BYTE)
   ) SEGMENT CREATION IMMEDIATE 
  PCTFREE 10 PCTUSED 40 INITRANS 1 MAXTRANS 255 NOCOMPRESS LOGGING
  STORAGE(INITIAL 65536 NEXT 1048576 MINEXTENTS 1 MAXEXTENTS 2147483645
  PCTINCREASE 0 FREELISTS 1 FREELIST GROUPS 1 BUFFER_POOL DEFAULT FLASH_CACHE DEFAULT CELL_FLASH_CACHE DEFAULT)
  TABLESPACE "SYSTEM" ;

   COMMENT ON COLUMN "ATEAM"."STATE_LOG"."IN_OUT" IS 'car in is ''I'', car out is ''O''
';
--------------------------------------------------------
--  DDL for Table STORE
--------------------------------------------------------

  CREATE TABLE "ATEAM"."STORE" 
   (	"STORE_NUMBER" NUMBER, 
	"CUSTOMER_EMAIL" VARCHAR2(100 BYTE), 
	"STORE_NAME" VARCHAR2(100 BYTE), 
	"STORE_POST" VARCHAR2(100 BYTE), 
	"STORE_TEL" VARCHAR2(20 BYTE), 
	"STORE_TIME" VARCHAR2(100 BYTE), 
	"STORE_DAYOFF" VARCHAR2(100 BYTE), 
	"INTRODUCE" CLOB, 
	"INVENTORY" NUMBER, 
	"STORE_PRICE" VARCHAR2(100 BYTE), 
	"STORE_MASTER_NAME" VARCHAR2(100 BYTE), 
	"STORE_REGISTRATION_NUMBER" VARCHAR2(100 BYTE), 
	"STORE_FAVORITE_CNT" NUMBER DEFAULT 0, 
	"STORE_DETAIL_ADDR" VARCHAR2(100 BYTE), 
	"STORE_ADDR" VARCHAR2(100 BYTE)
   ) SEGMENT CREATION IMMEDIATE 
  PCTFREE 10 PCTUSED 40 INITRANS 1 MAXTRANS 255 NOCOMPRESS LOGGING
  STORAGE(INITIAL 65536 NEXT 1048576 MINEXTENTS 1 MAXEXTENTS 2147483645
  PCTINCREASE 0 FREELISTS 1 FREELIST GROUPS 1 BUFFER_POOL DEFAULT FLASH_CACHE DEFAULT CELL_FLASH_CACHE DEFAULT)
  TABLESPACE "SYSTEM" 
 LOB ("INTRODUCE") STORE AS BASICFILE (
  TABLESPACE "SYSTEM" ENABLE STORAGE IN ROW CHUNK 8192 RETENTION 
  NOCACHE LOGGING 
  STORAGE(INITIAL 65536 NEXT 1048576 MINEXTENTS 1 MAXEXTENTS 2147483645
  PCTINCREASE 0 FREELISTS 1 FREELIST GROUPS 1 BUFFER_POOL DEFAULT FLASH_CACHE DEFAULT CELL_FLASH_CACHE DEFAULT)) ;
--------------------------------------------------------
--  DDL for Table STORE_FILE
--------------------------------------------------------

  CREATE TABLE "ATEAM"."STORE_FILE" 
   (	"FILE_ID" NUMBER, 
	"STORE_NUMBER" NUMBER, 
	"IMGPATH" VARCHAR2(500 BYTE), 
	"IMGNAME" VARCHAR2(500 BYTE), 
	"RANK" NUMBER
   ) SEGMENT CREATION IMMEDIATE 
  PCTFREE 10 PCTUSED 40 INITRANS 1 MAXTRANS 255 NOCOMPRESS LOGGING
  STORAGE(INITIAL 65536 NEXT 1048576 MINEXTENTS 1 MAXEXTENTS 2147483645
  PCTINCREASE 0 FREELISTS 1 FREELIST GROUPS 1 BUFFER_POOL DEFAULT FLASH_CACHE DEFAULT CELL_FLASH_CACHE DEFAULT)
  TABLESPACE "SYSTEM" ;
--------------------------------------------------------
--  DDL for Table WEB_BEST_QNA
--------------------------------------------------------

  CREATE TABLE "ATEAM"."WEB_BEST_QNA" 
   (	"BEST_QNA_ID" NUMBER, 
	"CUSTOMER_EMAIL" VARCHAR2(100 BYTE), 
	"BEST_QNA_TITLE" VARCHAR2(300 BYTE), 
	"BEST_QNA_CONTENT" CLOB, 
	"BEST_QNA_WRITEDATE" DATE DEFAULT sysdate, 
	"BEST_QNA_READCNT" NUMBER DEFAULT 0, 
	"BEST_QNA_ATTRIBUTE" VARCHAR2(3 BYTE)
   ) SEGMENT CREATION IMMEDIATE 
  PCTFREE 10 PCTUSED 40 INITRANS 1 MAXTRANS 255 NOCOMPRESS LOGGING
  STORAGE(INITIAL 65536 NEXT 1048576 MINEXTENTS 1 MAXEXTENTS 2147483645
  PCTINCREASE 0 FREELISTS 1 FREELIST GROUPS 1 BUFFER_POOL DEFAULT FLASH_CACHE DEFAULT CELL_FLASH_CACHE DEFAULT)
  TABLESPACE "SYSTEM" 
 LOB ("BEST_QNA_CONTENT") STORE AS BASICFILE (
  TABLESPACE "SYSTEM" ENABLE STORAGE IN ROW CHUNK 8192 RETENTION 
  NOCACHE LOGGING 
  STORAGE(INITIAL 65536 NEXT 1048576 MINEXTENTS 1 MAXEXTENTS 2147483645
  PCTINCREASE 0 FREELISTS 1 FREELIST GROUPS 1 BUFFER_POOL DEFAULT FLASH_CACHE DEFAULT CELL_FLASH_CACHE DEFAULT)) ;

   COMMENT ON COLUMN "ATEAM"."WEB_BEST_QNA"."BEST_QNA_ATTRIBUTE" IS 'about customer is ''C'', store is ''S'', mobile is ''M'', alphacar is ''A''';
--------------------------------------------------------
--  DDL for Table WEB_NOTICE
--------------------------------------------------------

  CREATE TABLE "ATEAM"."WEB_NOTICE" 
   (	"NOTICE_ID" NUMBER, 
	"CUSTOMER_EMAIL" VARCHAR2(100 BYTE), 
	"NOTICE_TITLE" VARCHAR2(300 BYTE), 
	"NOTICE_CONTENT" CLOB, 
	"NOTICE_WRITEDATE" DATE DEFAULT sysdate, 
	"NOTICE_READCNT" NUMBER DEFAULT 0, 
	"NOTICE_ROOT" NUMBER, 
	"NOTICE_STEP" NUMBER DEFAULT 0, 
	"NOTICE_INDENT" NUMBER DEFAULT 0, 
	"NOTICE_ATTRIBUTE" VARCHAR2(3 BYTE)
   ) SEGMENT CREATION IMMEDIATE 
  PCTFREE 10 PCTUSED 40 INITRANS 1 MAXTRANS 255 NOCOMPRESS LOGGING
  STORAGE(INITIAL 65536 NEXT 1048576 MINEXTENTS 1 MAXEXTENTS 2147483645
  PCTINCREASE 0 FREELISTS 1 FREELIST GROUPS 1 BUFFER_POOL DEFAULT FLASH_CACHE DEFAULT CELL_FLASH_CACHE DEFAULT)
  TABLESPACE "SYSTEM" 
 LOB ("NOTICE_CONTENT") STORE AS BASICFILE (
  TABLESPACE "SYSTEM" ENABLE STORAGE IN ROW CHUNK 8192 RETENTION 
  NOCACHE LOGGING 
  STORAGE(INITIAL 65536 NEXT 1048576 MINEXTENTS 1 MAXEXTENTS 2147483645
  PCTINCREASE 0 FREELISTS 1 FREELIST GROUPS 1 BUFFER_POOL DEFAULT FLASH_CACHE DEFAULT CELL_FLASH_CACHE DEFAULT)) ;

   COMMENT ON COLUMN "ATEAM"."WEB_NOTICE"."NOTICE_ATTRIBUTE" IS 'about alphacar is ''A'', about notice is ''N'', monitoring is ''M''
 ';
--------------------------------------------------------
--  DDL for Table WEB_NOTICE_COMENT
--------------------------------------------------------

  CREATE TABLE "ATEAM"."WEB_NOTICE_COMENT" 
   (	"NOTICE_COMENT_ID" NUMBER, 
	"NOTICE_ID" NUMBER, 
	"CUSTOMER_EMAIL" VARCHAR2(100 BYTE), 
	"COMENT_CONTENT" CLOB, 
	"COMENT_WRITEDATE" DATE DEFAULT sysdate
   ) SEGMENT CREATION IMMEDIATE 
  PCTFREE 10 PCTUSED 40 INITRANS 1 MAXTRANS 255 NOCOMPRESS LOGGING
  STORAGE(INITIAL 65536 NEXT 1048576 MINEXTENTS 1 MAXEXTENTS 2147483645
  PCTINCREASE 0 FREELISTS 1 FREELIST GROUPS 1 BUFFER_POOL DEFAULT FLASH_CACHE DEFAULT CELL_FLASH_CACHE DEFAULT)
  TABLESPACE "SYSTEM" 
 LOB ("COMENT_CONTENT") STORE AS BASICFILE (
  TABLESPACE "SYSTEM" ENABLE STORAGE IN ROW CHUNK 8192 RETENTION 
  NOCACHE LOGGING 
  STORAGE(INITIAL 65536 NEXT 1048576 MINEXTENTS 1 MAXEXTENTS 2147483645
  PCTINCREASE 0 FREELISTS 1 FREELIST GROUPS 1 BUFFER_POOL DEFAULT FLASH_CACHE DEFAULT CELL_FLASH_CACHE DEFAULT)) ;
--------------------------------------------------------
--  DDL for Table WEB_QNA
--------------------------------------------------------

  CREATE TABLE "ATEAM"."WEB_QNA" 
   (	"QNA_ID" NUMBER, 
	"CUSTOMER_EMAIL" VARCHAR2(100 BYTE), 
	"QNA_TITLE" VARCHAR2(300 BYTE), 
	"QNA_CONTENT" CLOB, 
	"QNA_WRITEDATE" DATE DEFAULT sysdate, 
	"QNA_READCNT" NUMBER DEFAULT 0, 
	"QNA_ROOT" NUMBER, 
	"QNA_STEP" NUMBER DEFAULT 0, 
	"QNA_INDENT" NUMBER DEFAULT 0, 
	"QNA_ATTRIBUTE" VARCHAR2(3 BYTE), 
	"QNA_PID" VARCHAR2(100 BYTE)
   ) SEGMENT CREATION IMMEDIATE 
  PCTFREE 10 PCTUSED 40 INITRANS 1 MAXTRANS 255 NOCOMPRESS LOGGING
  STORAGE(INITIAL 65536 NEXT 1048576 MINEXTENTS 1 MAXEXTENTS 2147483645
  PCTINCREASE 0 FREELISTS 1 FREELIST GROUPS 1 BUFFER_POOL DEFAULT FLASH_CACHE DEFAULT CELL_FLASH_CACHE DEFAULT)
  TABLESPACE "SYSTEM" 
 LOB ("QNA_CONTENT") STORE AS BASICFILE (
  TABLESPACE "SYSTEM" ENABLE STORAGE IN ROW CHUNK 8192 RETENTION 
  NOCACHE LOGGING 
  STORAGE(INITIAL 65536 NEXT 1048576 MINEXTENTS 1 MAXEXTENTS 2147483645
  PCTINCREASE 0 FREELISTS 1 FREELIST GROUPS 1 BUFFER_POOL DEFAULT FLASH_CACHE DEFAULT CELL_FLASH_CACHE DEFAULT)) ;

   COMMENT ON COLUMN "ATEAM"."WEB_QNA"."QNA_ATTRIBUTE" IS 'about customer is ''C'', store is ''S'', mobile is ''M'', alphacar is ''A''';
REM INSERTING into ATEAM.AUTHORITY
SET DEFINE OFF;
Insert into ATEAM.AUTHORITY (CUSTOMER_EMAIL,AUTHORITY_NAME,AUTHORITY_NUMBER) values ('qq@naver.com','ROLE_ADMIN',81);
Insert into ATEAM.AUTHORITY (CUSTOMER_EMAIL,AUTHORITY_NAME,AUTHORITY_NUMBER) values ('admin@gmail.com','ROLE_ALPHACHR',85);
Insert into ATEAM.AUTHORITY (CUSTOMER_EMAIL,AUTHORITY_NAME,AUTHORITY_NUMBER) values ('r','ROLE_ADMIN',23);
Insert into ATEAM.AUTHORITY (CUSTOMER_EMAIL,AUTHORITY_NAME,AUTHORITY_NUMBER) values ('q','ROLE_ALPHACHR',63);
Insert into ATEAM.AUTHORITY (CUSTOMER_EMAIL,AUTHORITY_NAME,AUTHORITY_NUMBER) values ('2025766894','ROLE_CUSTOMER',122);
Insert into ATEAM.AUTHORITY (CUSTOMER_EMAIL,AUTHORITY_NAME,AUTHORITY_NUMBER) values ('customer@gmail.com','ROLE_ADMIN',86);
Insert into ATEAM.AUTHORITY (CUSTOMER_EMAIL,AUTHORITY_NAME,AUTHORITY_NUMBER) values ('user@gmail.com','ROLE_CUSTOMER',87);
Insert into ATEAM.AUTHORITY (CUSTOMER_EMAIL,AUTHORITY_NAME,AUTHORITY_NUMBER) values ('w@naver.com','ROLE_CUSTOMER',101);
Insert into ATEAM.AUTHORITY (CUSTOMER_EMAIL,AUTHORITY_NAME,AUTHORITY_NUMBER) values ('2017727826','ROLE_ADMIN',121);
Insert into ATEAM.AUTHORITY (CUSTOMER_EMAIL,AUTHORITY_NAME,AUTHORITY_NUMBER) values ('customer1@naver.com','ROLE_CUSTOMER',123);
Insert into ATEAM.AUTHORITY (CUSTOMER_EMAIL,AUTHORITY_NAME,AUTHORITY_NUMBER) values ('a@naver.com','ROLE_CUSTOMER',124);
REM INSERTING into ATEAM.CUSTOMER
SET DEFINE OFF;
Insert into ATEAM.CUSTOMER (CUSTOMER_EMAIL,CUSTOMER_PW,CUSTOMER_NAME,CUSTOMER_PICTURE,KAKAO,ADMIN,CITY,ADDR,CUSTOMER_FILENAME,SOCIAL,COM_NAME,IP_ADDR,LOGIN_TIME,AUTO_LOGIN,ISACCOUNTNONEXPIRED,ISACCOUNTNONLOCKED,ISCREDENTIALSNONEXPIRED,ISENABLED,JOINDATE) values ('gg12@naver.com','gg12!12','모모모','http://192.168.0.122:8080/alphacar/resources/img/iu.jpg',null,'M',null,null,null,null,null,null,to_date('21/12/24 17:07:51','RR/MM/DD HH24:MI:SS'),'N',null,null,null,null,to_date('21/12/24 17:07:51','RR/MM/DD HH24:MI:SS'));
Insert into ATEAM.CUSTOMER (CUSTOMER_EMAIL,CUSTOMER_PW,CUSTOMER_NAME,CUSTOMER_PICTURE,KAKAO,ADMIN,CITY,ADDR,CUSTOMER_FILENAME,SOCIAL,COM_NAME,IP_ADDR,LOGIN_TIME,AUTO_LOGIN,ISACCOUNTNONEXPIRED,ISACCOUNTNONLOCKED,ISCREDENTIALSNONEXPIRED,ISENABLED,JOINDATE) values ('2017727826',null,'최유진','http://192.168.0.44:8989/alphacar/resources/pictures/profiles/cc2b69f4-d2e4-4018-aa20-43145954c499_name.png','rocherina@naver.com','M','시/도 선택',null,null,'K',null,null,to_date('21/12/27 10:31:53','RR/MM/DD HH24:MI:SS'),'N',null,null,null,null,to_date('21/12/27 10:31:53','RR/MM/DD HH24:MI:SS'));
Insert into ATEAM.CUSTOMER (CUSTOMER_EMAIL,CUSTOMER_PW,CUSTOMER_NAME,CUSTOMER_PICTURE,KAKAO,ADMIN,CITY,ADDR,CUSTOMER_FILENAME,SOCIAL,COM_NAME,IP_ADDR,LOGIN_TIME,AUTO_LOGIN,ISACCOUNTNONEXPIRED,ISACCOUNTNONLOCKED,ISCREDENTIALSNONEXPIRED,ISENABLED,JOINDATE) values ('w@naver.com','$2a$10$urijNlJRrR3tW6sJzH4W7uyzrh0MRh3gVBkXpcpqy1pKlTqfxwo2C','기기기','http://192.168.0.22:8989/alphacar/resources/pictures/profiles/23673df9-66e5-4b97-9661-fe301d9eb38c_10109ecf0cb52a38c887cec8cfa6b536.gif',null,'C','인천광역시','계양구',null,null,null,null,to_date('21/12/25 22:29:59','RR/MM/DD HH24:MI:SS'),'N',null,null,null,null,to_date('21/12/25 22:29:59','RR/MM/DD HH24:MI:SS'));
Insert into ATEAM.CUSTOMER (CUSTOMER_EMAIL,CUSTOMER_PW,CUSTOMER_NAME,CUSTOMER_PICTURE,KAKAO,ADMIN,CITY,ADDR,CUSTOMER_FILENAME,SOCIAL,COM_NAME,IP_ADDR,LOGIN_TIME,AUTO_LOGIN,ISACCOUNTNONEXPIRED,ISACCOUNTNONLOCKED,ISCREDENTIALSNONEXPIRED,ISENABLED,JOINDATE) values ('hh12@naver.com','hh12!12','세차장22',null,null,'M','시/도 선택',null,null,null,null,null,to_date('21/12/27 09:40:46','RR/MM/DD HH24:MI:SS'),'N',null,null,null,null,to_date('21/12/27 09:40:46','RR/MM/DD HH24:MI:SS'));
Insert into ATEAM.CUSTOMER (CUSTOMER_EMAIL,CUSTOMER_PW,CUSTOMER_NAME,CUSTOMER_PICTURE,KAKAO,ADMIN,CITY,ADDR,CUSTOMER_FILENAME,SOCIAL,COM_NAME,IP_ADDR,LOGIN_TIME,AUTO_LOGIN,ISACCOUNTNONEXPIRED,ISACCOUNTNONLOCKED,ISCREDENTIALSNONEXPIRED,ISENABLED,JOINDATE) values ('2025766894',null,'가을','http://192.168.0.22:8989/alphacar/resources/pictures/profiles/cf7044fd-e81a-4e27-bf10-8517c823ac92_ab5c633f7505f52a4c4f8870a79e923b.jpg','mvsod@naver.com','C','시/도 선택',null,null,'K',null,null,to_date('21/12/27 10:51:34','RR/MM/DD HH24:MI:SS'),'N',null,null,null,null,to_date('21/12/27 10:51:34','RR/MM/DD HH24:MI:SS'));
Insert into ATEAM.CUSTOMER (CUSTOMER_EMAIL,CUSTOMER_PW,CUSTOMER_NAME,CUSTOMER_PICTURE,KAKAO,ADMIN,CITY,ADDR,CUSTOMER_FILENAME,SOCIAL,COM_NAME,IP_ADDR,LOGIN_TIME,AUTO_LOGIN,ISACCOUNTNONEXPIRED,ISACCOUNTNONLOCKED,ISCREDENTIALSNONEXPIRED,ISENABLED,JOINDATE) values ('sa2288119@naver.com',null,'김지훈',null,null,'C',null,null,null,'K',null,null,to_date('21/12/27 11:52:55','RR/MM/DD HH24:MI:SS'),'N',null,null,null,null,to_date('21/12/27 11:52:55','RR/MM/DD HH24:MI:SS'));
Insert into ATEAM.CUSTOMER (CUSTOMER_EMAIL,CUSTOMER_PW,CUSTOMER_NAME,CUSTOMER_PICTURE,KAKAO,ADMIN,CITY,ADDR,CUSTOMER_FILENAME,SOCIAL,COM_NAME,IP_ADDR,LOGIN_TIME,AUTO_LOGIN,ISACCOUNTNONEXPIRED,ISACCOUNTNONLOCKED,ISCREDENTIALSNONEXPIRED,ISENABLED,JOINDATE) values ('abc@naver.com','asd!@#123','김민수','http://192.168.0.122:8080/alphacar/resources/img/5b163f192200004400eea81d.webp',null,'C',null,null,null,null,null,null,to_date('21/12/27 16:45:59','RR/MM/DD HH24:MI:SS'),'N',null,null,null,null,to_date('21/12/27 16:45:59','RR/MM/DD HH24:MI:SS'));
Insert into ATEAM.CUSTOMER (CUSTOMER_EMAIL,CUSTOMER_PW,CUSTOMER_NAME,CUSTOMER_PICTURE,KAKAO,ADMIN,CITY,ADDR,CUSTOMER_FILENAME,SOCIAL,COM_NAME,IP_ADDR,LOGIN_TIME,AUTO_LOGIN,ISACCOUNTNONEXPIRED,ISACCOUNTNONLOCKED,ISCREDENTIALSNONEXPIRED,ISENABLED,JOINDATE) values ('e','e','아이유','http://192.168.0.30:8989/alphacar/resources/pictures/profiles/c625f352-82bb-4531-bbe3-4f34b535d9f0_My20211116_0740344327580160668080319.jpg',null,'M','광주광역시','동구',null,null,null,null,to_date('21/12/22 13:00:41','RR/MM/DD HH24:MI:SS'),'N',null,null,null,null,to_date('21/12/16 10:21:01','RR/MM/DD HH24:MI:SS'));
Insert into ATEAM.CUSTOMER (CUSTOMER_EMAIL,CUSTOMER_PW,CUSTOMER_NAME,CUSTOMER_PICTURE,KAKAO,ADMIN,CITY,ADDR,CUSTOMER_FILENAME,SOCIAL,COM_NAME,IP_ADDR,LOGIN_TIME,AUTO_LOGIN,ISACCOUNTNONEXPIRED,ISACCOUNTNONLOCKED,ISCREDENTIALSNONEXPIRED,ISENABLED,JOINDATE) values ('customer1@naver.com','$2a$10$hreeUqRewJzdGCr/fFkJU.gTb7KG9igsD4vtzgruRiBEtypMfeVxG','김고객','http://192.168.0.30:8989/alphacar/resources/pictures/profiles/45996d68-13d2-4582-b477-7bcd6888a912_KakaoTalk_20211227_165147284.png',null,'C','시/도 선택',null,null,null,null,null,to_date('21/12/28 10:26:04','RR/MM/DD HH24:MI:SS'),'N',null,null,null,null,to_date('21/12/28 10:26:04','RR/MM/DD HH24:MI:SS'));
Insert into ATEAM.CUSTOMER (CUSTOMER_EMAIL,CUSTOMER_PW,CUSTOMER_NAME,CUSTOMER_PICTURE,KAKAO,ADMIN,CITY,ADDR,CUSTOMER_FILENAME,SOCIAL,COM_NAME,IP_ADDR,LOGIN_TIME,AUTO_LOGIN,ISACCOUNTNONEXPIRED,ISACCOUNTNONLOCKED,ISCREDENTIALSNONEXPIRED,ISENABLED,JOINDATE) values ('a@naver.com','$2a$10$eE4jS5HI4tMxWPO/chbvVOUgLy/ml007ttpI5fXhq/o/zfCil5ILm','제니','http://192.168.0.44:8989/alphacar/resources/pictures/profiles/6721782c-dff6-4320-8d11-623e55430421_ex1.jpg',null,'C','시/도 선택',null,null,null,null,null,to_date('21/12/28 12:46:13','RR/MM/DD HH24:MI:SS'),'N',null,null,null,null,to_date('21/12/28 12:46:13','RR/MM/DD HH24:MI:SS'));
Insert into ATEAM.CUSTOMER (CUSTOMER_EMAIL,CUSTOMER_PW,CUSTOMER_NAME,CUSTOMER_PICTURE,KAKAO,ADMIN,CITY,ADDR,CUSTOMER_FILENAME,SOCIAL,COM_NAME,IP_ADDR,LOGIN_TIME,AUTO_LOGIN,ISACCOUNTNONEXPIRED,ISACCOUNTNONLOCKED,ISCREDENTIALSNONEXPIRED,ISENABLED,JOINDATE) values ('abcf@naver.com','aaaaa11!','김지훈','http://192.168.0.122:8080/alphacar/resources/img/5b163f192200004400eea81d.webp',null,'C',null,null,null,null,null,null,to_date('21/12/28 16:50:27','RR/MM/DD HH24:MI:SS'),'N',null,null,null,null,to_date('21/12/28 16:50:27','RR/MM/DD HH24:MI:SS'));
Insert into ATEAM.CUSTOMER (CUSTOMER_EMAIL,CUSTOMER_PW,CUSTOMER_NAME,CUSTOMER_PICTURE,KAKAO,ADMIN,CITY,ADDR,CUSTOMER_FILENAME,SOCIAL,COM_NAME,IP_ADDR,LOGIN_TIME,AUTO_LOGIN,ISACCOUNTNONEXPIRED,ISACCOUNTNONLOCKED,ISCREDENTIALSNONEXPIRED,ISENABLED,JOINDATE) values ('zxcv@naver.com','aaaaa!1','아이유',null,null,'C',null,null,null,null,null,null,to_date('21/12/28 16:52:21','RR/MM/DD HH24:MI:SS'),'N',null,null,null,null,to_date('21/12/28 16:52:21','RR/MM/DD HH24:MI:SS'));
Insert into ATEAM.CUSTOMER (CUSTOMER_EMAIL,CUSTOMER_PW,CUSTOMER_NAME,CUSTOMER_PICTURE,KAKAO,ADMIN,CITY,ADDR,CUSTOMER_FILENAME,SOCIAL,COM_NAME,IP_ADDR,LOGIN_TIME,AUTO_LOGIN,ISACCOUNTNONEXPIRED,ISACCOUNTNONLOCKED,ISCREDENTIALSNONEXPIRED,ISENABLED,JOINDATE) values ('admin@gmail.com','$2a$10$Or.hcg/sCYJf97Sq0ZtVs.36Bg5JXnvWcADesJeYPzdPczLc4MbIS','admin','http://192.168.0.30:8989/alphacar/resources/pictures/profiles/ed43c767-9d10-4b4f-8489-1bc430511823_177044ae28a4de329.png',null,'A','광주광역시','서구',null,null,null,null,to_date('21/12/24 10:00:38','RR/MM/DD HH24:MI:SS'),'N',null,null,null,null,to_date('21/12/24 10:00:38','RR/MM/DD HH24:MI:SS'));
Insert into ATEAM.CUSTOMER (CUSTOMER_EMAIL,CUSTOMER_PW,CUSTOMER_NAME,CUSTOMER_PICTURE,KAKAO,ADMIN,CITY,ADDR,CUSTOMER_FILENAME,SOCIAL,COM_NAME,IP_ADDR,LOGIN_TIME,AUTO_LOGIN,ISACCOUNTNONEXPIRED,ISACCOUNTNONLOCKED,ISCREDENTIALSNONEXPIRED,ISENABLED,JOINDATE) values ('하이','$2a$10$Zmcq/xPwp7R6wUh8ou6rw.1WvDGCpN5laBZFaPjjoNKwnTwab9i3S','한소희','http://192.168.0.22:8989/alphacar/resources/pictures/profiles/967eb757-bede-4921-8da3-ece5fdb0a02c_img.png',null,'C','서울특별시','강남구',null,null,null,null,null,'N',null,null,null,null,to_date('21/12/16 11:22:01','RR/MM/DD HH24:MI:SS'));
Insert into ATEAM.CUSTOMER (CUSTOMER_EMAIL,CUSTOMER_PW,CUSTOMER_NAME,CUSTOMER_PICTURE,KAKAO,ADMIN,CITY,ADDR,CUSTOMER_FILENAME,SOCIAL,COM_NAME,IP_ADDR,LOGIN_TIME,AUTO_LOGIN,ISACCOUNTNONEXPIRED,ISACCOUNTNONLOCKED,ISCREDENTIALSNONEXPIRED,ISENABLED,JOINDATE) values ('q','$2a$10$voAwO1WYBv8oZWLLzs62huHLRba3aR2A2JOeUceyMZOyLzqKPmYy2','q','http://192.168.0.22:8989/alphacar/resources/pictures/profiles/8547efce-c9cd-48a5-bc0e-dce5bcf20f56_11a296f3b52ebd07181290a6254958dd.gif',null,'A','서울특별시','강남구',null,null,null,null,to_date('21/12/16 15:31:37','RR/MM/DD HH24:MI:SS'),'N',null,null,null,null,to_date('21/12/16 15:31:37','RR/MM/DD HH24:MI:SS'));
Insert into ATEAM.CUSTOMER (CUSTOMER_EMAIL,CUSTOMER_PW,CUSTOMER_NAME,CUSTOMER_PICTURE,KAKAO,ADMIN,CITY,ADDR,CUSTOMER_FILENAME,SOCIAL,COM_NAME,IP_ADDR,LOGIN_TIME,AUTO_LOGIN,ISACCOUNTNONEXPIRED,ISACCOUNTNONLOCKED,ISCREDENTIALSNONEXPIRED,ISENABLED,JOINDATE) values ('r','$2a$10$sFh/eWOQ2sCCJT5m7yHOwOiohiULJuyGwzzN7tBJXK7tjl6jD0USm','r','http://192.168.0.22:8989/alphacar/resources/pictures/profiles/1aaef33d-ffd6-47e7-b5cf-83923677367b_11a296f3b52ebd07181290a6254958dd.gif',null,'M','시/도 선택',null,null,null,null,null,to_date('21/12/16 10:44:04','RR/MM/DD HH24:MI:SS'),'N',null,null,null,null,to_date('21/12/16 11:26:01','RR/MM/DD HH24:MI:SS'));
Insert into ATEAM.CUSTOMER (CUSTOMER_EMAIL,CUSTOMER_PW,CUSTOMER_NAME,CUSTOMER_PICTURE,KAKAO,ADMIN,CITY,ADDR,CUSTOMER_FILENAME,SOCIAL,COM_NAME,IP_ADDR,LOGIN_TIME,AUTO_LOGIN,ISACCOUNTNONEXPIRED,ISACCOUNTNONLOCKED,ISCREDENTIALSNONEXPIRED,ISENABLED,JOINDATE) values ('customer@gmail.com','$2a$10$lnPMNgt9UiEP/WWhoW9ZgOIbNvj8MWWQUkWrldhjTkZ/nCEusud7S','아이유','http://192.168.0.30:8989/alphacar/resources/pictures/profiles/32fad63f-e3ee-4092-87f8-04664a9a9c4d_image_readtop_2021_330747_16177500644599916.jpg',null,'M','시/도 선택',null,null,null,null,null,to_date('21/12/24 10:05:22','RR/MM/DD HH24:MI:SS'),'N',null,null,null,null,to_date('21/12/24 10:05:22','RR/MM/DD HH24:MI:SS'));
Insert into ATEAM.CUSTOMER (CUSTOMER_EMAIL,CUSTOMER_PW,CUSTOMER_NAME,CUSTOMER_PICTURE,KAKAO,ADMIN,CITY,ADDR,CUSTOMER_FILENAME,SOCIAL,COM_NAME,IP_ADDR,LOGIN_TIME,AUTO_LOGIN,ISACCOUNTNONEXPIRED,ISACCOUNTNONLOCKED,ISCREDENTIALSNONEXPIRED,ISENABLED,JOINDATE) values ('user@gmail.com','$2a$10$ODXT2Zep3WCpedxvXbr9EOtXOhdVztJ8dD0ffcO.XbNQQHEHHrB9O','강동원','http://192.168.0.30:8989/alphacar/resources/pictures/profiles/2e5e8bd6-1019-4338-8690-b85062d87e35_kangdongwon.jpg',null,'C','시/도 선택',null,null,null,null,null,to_date('21/12/24 10:07:08','RR/MM/DD HH24:MI:SS'),'N',null,null,null,null,to_date('21/12/24 10:07:08','RR/MM/DD HH24:MI:SS'));
Insert into ATEAM.CUSTOMER (CUSTOMER_EMAIL,CUSTOMER_PW,CUSTOMER_NAME,CUSTOMER_PICTURE,KAKAO,ADMIN,CITY,ADDR,CUSTOMER_FILENAME,SOCIAL,COM_NAME,IP_ADDR,LOGIN_TIME,AUTO_LOGIN,ISACCOUNTNONEXPIRED,ISACCOUNTNONLOCKED,ISCREDENTIALSNONEXPIRED,ISENABLED,JOINDATE) values ('qq@naver.com','$2a$10$Yo.6eglUvn1XZMMNExnmYeKD8Ig8iel.vqGkxoqt93DZFW06kaI9u','김세차','http://192.168.25.60:8989/alphacar/resources/pictures/profiles/acd3b066-f422-4905-bbce-35ee948e55aa_4c3b479649286100de7a75f27566fb35.jpg',null,'M','대전광역시','대덕구',null,null,null,null,to_date('21/12/23 16:08:10','RR/MM/DD HH24:MI:SS'),'N',null,null,null,null,to_date('21/12/23 16:08:10','RR/MM/DD HH24:MI:SS'));
REM INSERTING into ATEAM.FAVORITE
SET DEFINE OFF;
Insert into ATEAM.FAVORITE (FAV_NUMBER,CUSTOMER_EMAIL,STORE_NUMBER) values (122,'e',329);
Insert into ATEAM.FAVORITE (FAV_NUMBER,CUSTOMER_EMAIL,STORE_NUMBER) values (123,'gg12@naver.com',329);
REM INSERTING into ATEAM.REVIEW
SET DEFINE OFF;
Insert into ATEAM.REVIEW (REVIEW_ID,CUSTOMER_EMAIL,STORE_NUMBER,REVIEW_TITLE,REVIEW_WRITEDATE,REVIEW_READCNT,REVIEW_FILENAME,REVIEW_FILEPATH,REVIEW_SCORE) values (142,'abc@naver.com',329,'리뷰입니다',to_date('21/12/27 16:50:48','RR/MM/DD HH24:MI:SS'),0,'My20211227_165036117154117332516239.jpg','http://192.168.0.36:8080/alphacar/resources/img/My20211227_165036117154117332516239.jpg','3.0');
Insert into ATEAM.REVIEW (REVIEW_ID,CUSTOMER_EMAIL,STORE_NUMBER,REVIEW_TITLE,REVIEW_WRITEDATE,REVIEW_READCNT,REVIEW_FILENAME,REVIEW_FILEPATH,REVIEW_SCORE) values (143,'gg12@naver.com',329,'여기 세차장 괜찮네요',to_date('21/12/28 14:55:53','RR/MM/DD HH24:MI:SS'),0,'My20211228_1455466086960919051007316.jpg','http://192.168.0.122:8080/alphacar/resources/img/My20211228_1455466086960919051007316.jpg','5.0');
Insert into ATEAM.REVIEW (REVIEW_ID,CUSTOMER_EMAIL,STORE_NUMBER,REVIEW_TITLE,REVIEW_WRITEDATE,REVIEW_READCNT,REVIEW_FILENAME,REVIEW_FILEPATH,REVIEW_SCORE) values (141,'gg12@naver.com',304,'시설이 좋습니다',to_date('21/12/27 11:30:55','RR/MM/DD HH24:MI:SS'),0,null,null,'5.0');
Insert into ATEAM.REVIEW (REVIEW_ID,CUSTOMER_EMAIL,STORE_NUMBER,REVIEW_TITLE,REVIEW_WRITEDATE,REVIEW_READCNT,REVIEW_FILENAME,REVIEW_FILEPATH,REVIEW_SCORE) values (144,'gg12@naver.com',329,'여기 세차장 괜찮네요',to_date('21/12/28 18:08:46','RR/MM/DD HH24:MI:SS'),0,'My20211228_1808397373338225266668424.jpg','http://192.168.0.122:8080/alphacar/resources/img/My20211228_1808397373338225266668424.jpg','5.0');
Insert into ATEAM.REVIEW (REVIEW_ID,CUSTOMER_EMAIL,STORE_NUMBER,REVIEW_TITLE,REVIEW_WRITEDATE,REVIEW_READCNT,REVIEW_FILENAME,REVIEW_FILEPATH,REVIEW_SCORE) values (145,'gg12@naver.com',329,'여기 시설 좋아요',to_date('21/12/28 18:23:51','RR/MM/DD HH24:MI:SS'),0,'My20211228_182342694153196457327734.jpg','http://192.168.0.122:8080/alphacar/resources/img/My20211228_182342694153196457327734.jpg','5.0');
REM INSERTING into ATEAM.SENSOR
SET DEFINE OFF;
Insert into ATEAM.SENSOR (SENSOR_ID,LATITUDE,LONGITUDE,STORE_NUMBER,SENSOR_NUMBER) values (165,1,2,329,3);
Insert into ATEAM.SENSOR (SENSOR_ID,LATITUDE,LONGITUDE,STORE_NUMBER,SENSOR_NUMBER) values (166,1,2,329,4);
Insert into ATEAM.SENSOR (SENSOR_ID,LATITUDE,LONGITUDE,STORE_NUMBER,SENSOR_NUMBER) values (167,1,2,329,5);
Insert into ATEAM.SENSOR (SENSOR_ID,LATITUDE,LONGITUDE,STORE_NUMBER,SENSOR_NUMBER) values (168,1,2,329,6);
Insert into ATEAM.SENSOR (SENSOR_ID,LATITUDE,LONGITUDE,STORE_NUMBER,SENSOR_NUMBER) values (169,1,2,329,7);
Insert into ATEAM.SENSOR (SENSOR_ID,LATITUDE,LONGITUDE,STORE_NUMBER,SENSOR_NUMBER) values (170,1,2,329,8);
Insert into ATEAM.SENSOR (SENSOR_ID,LATITUDE,LONGITUDE,STORE_NUMBER,SENSOR_NUMBER) values (171,1,2,329,9);
Insert into ATEAM.SENSOR (SENSOR_ID,LATITUDE,LONGITUDE,STORE_NUMBER,SENSOR_NUMBER) values (163,1,2,329,1);
Insert into ATEAM.SENSOR (SENSOR_ID,LATITUDE,LONGITUDE,STORE_NUMBER,SENSOR_NUMBER) values (164,1,2,329,2);
Insert into ATEAM.SENSOR (SENSOR_ID,LATITUDE,LONGITUDE,STORE_NUMBER,SENSOR_NUMBER) values (172,1,2,330,1);
Insert into ATEAM.SENSOR (SENSOR_ID,LATITUDE,LONGITUDE,STORE_NUMBER,SENSOR_NUMBER) values (173,1,2,330,2);
Insert into ATEAM.SENSOR (SENSOR_ID,LATITUDE,LONGITUDE,STORE_NUMBER,SENSOR_NUMBER) values (174,1,2,330,3);
Insert into ATEAM.SENSOR (SENSOR_ID,LATITUDE,LONGITUDE,STORE_NUMBER,SENSOR_NUMBER) values (175,1,2,330,4);
Insert into ATEAM.SENSOR (SENSOR_ID,LATITUDE,LONGITUDE,STORE_NUMBER,SENSOR_NUMBER) values (176,1,2,330,5);
Insert into ATEAM.SENSOR (SENSOR_ID,LATITUDE,LONGITUDE,STORE_NUMBER,SENSOR_NUMBER) values (177,1,2,330,6);
Insert into ATEAM.SENSOR (SENSOR_ID,LATITUDE,LONGITUDE,STORE_NUMBER,SENSOR_NUMBER) values (19,1,2,304,1);
Insert into ATEAM.SENSOR (SENSOR_ID,LATITUDE,LONGITUDE,STORE_NUMBER,SENSOR_NUMBER) values (20,1,2,304,2);
Insert into ATEAM.SENSOR (SENSOR_ID,LATITUDE,LONGITUDE,STORE_NUMBER,SENSOR_NUMBER) values (21,1,2,304,3);
Insert into ATEAM.SENSOR (SENSOR_ID,LATITUDE,LONGITUDE,STORE_NUMBER,SENSOR_NUMBER) values (22,1,2,304,4);
Insert into ATEAM.SENSOR (SENSOR_ID,LATITUDE,LONGITUDE,STORE_NUMBER,SENSOR_NUMBER) values (23,1,2,304,5);
Insert into ATEAM.SENSOR (SENSOR_ID,LATITUDE,LONGITUDE,STORE_NUMBER,SENSOR_NUMBER) values (24,1,2,304,6);
Insert into ATEAM.SENSOR (SENSOR_ID,LATITUDE,LONGITUDE,STORE_NUMBER,SENSOR_NUMBER) values (25,1,2,304,7);
Insert into ATEAM.SENSOR (SENSOR_ID,LATITUDE,LONGITUDE,STORE_NUMBER,SENSOR_NUMBER) values (26,1,2,304,8);
Insert into ATEAM.SENSOR (SENSOR_ID,LATITUDE,LONGITUDE,STORE_NUMBER,SENSOR_NUMBER) values (27,1,2,304,9);
Insert into ATEAM.SENSOR (SENSOR_ID,LATITUDE,LONGITUDE,STORE_NUMBER,SENSOR_NUMBER) values (28,1,2,305,1);
Insert into ATEAM.SENSOR (SENSOR_ID,LATITUDE,LONGITUDE,STORE_NUMBER,SENSOR_NUMBER) values (178,1,2,330,7);
Insert into ATEAM.SENSOR (SENSOR_ID,LATITUDE,LONGITUDE,STORE_NUMBER,SENSOR_NUMBER) values (29,1,2,305,2);
Insert into ATEAM.SENSOR (SENSOR_ID,LATITUDE,LONGITUDE,STORE_NUMBER,SENSOR_NUMBER) values (30,1,2,305,3);
Insert into ATEAM.SENSOR (SENSOR_ID,LATITUDE,LONGITUDE,STORE_NUMBER,SENSOR_NUMBER) values (31,1,2,305,4);
Insert into ATEAM.SENSOR (SENSOR_ID,LATITUDE,LONGITUDE,STORE_NUMBER,SENSOR_NUMBER) values (32,1,2,305,5);
Insert into ATEAM.SENSOR (SENSOR_ID,LATITUDE,LONGITUDE,STORE_NUMBER,SENSOR_NUMBER) values (33,1,2,305,6);
Insert into ATEAM.SENSOR (SENSOR_ID,LATITUDE,LONGITUDE,STORE_NUMBER,SENSOR_NUMBER) values (34,1,2,305,7);
Insert into ATEAM.SENSOR (SENSOR_ID,LATITUDE,LONGITUDE,STORE_NUMBER,SENSOR_NUMBER) values (35,1,2,305,8);
Insert into ATEAM.SENSOR (SENSOR_ID,LATITUDE,LONGITUDE,STORE_NUMBER,SENSOR_NUMBER) values (36,1,2,305,9);
Insert into ATEAM.SENSOR (SENSOR_ID,LATITUDE,LONGITUDE,STORE_NUMBER,SENSOR_NUMBER) values (37,1,2,306,1);
Insert into ATEAM.SENSOR (SENSOR_ID,LATITUDE,LONGITUDE,STORE_NUMBER,SENSOR_NUMBER) values (38,1,2,306,2);
Insert into ATEAM.SENSOR (SENSOR_ID,LATITUDE,LONGITUDE,STORE_NUMBER,SENSOR_NUMBER) values (39,1,2,306,3);
Insert into ATEAM.SENSOR (SENSOR_ID,LATITUDE,LONGITUDE,STORE_NUMBER,SENSOR_NUMBER) values (40,1,2,306,4);
Insert into ATEAM.SENSOR (SENSOR_ID,LATITUDE,LONGITUDE,STORE_NUMBER,SENSOR_NUMBER) values (41,1,2,306,5);
Insert into ATEAM.SENSOR (SENSOR_ID,LATITUDE,LONGITUDE,STORE_NUMBER,SENSOR_NUMBER) values (42,1,2,306,6);
Insert into ATEAM.SENSOR (SENSOR_ID,LATITUDE,LONGITUDE,STORE_NUMBER,SENSOR_NUMBER) values (43,1,2,306,7);
Insert into ATEAM.SENSOR (SENSOR_ID,LATITUDE,LONGITUDE,STORE_NUMBER,SENSOR_NUMBER) values (44,1,2,306,8);
Insert into ATEAM.SENSOR (SENSOR_ID,LATITUDE,LONGITUDE,STORE_NUMBER,SENSOR_NUMBER) values (45,1,2,306,9);
Insert into ATEAM.SENSOR (SENSOR_ID,LATITUDE,LONGITUDE,STORE_NUMBER,SENSOR_NUMBER) values (46,1,2,307,1);
Insert into ATEAM.SENSOR (SENSOR_ID,LATITUDE,LONGITUDE,STORE_NUMBER,SENSOR_NUMBER) values (47,1,2,307,2);
Insert into ATEAM.SENSOR (SENSOR_ID,LATITUDE,LONGITUDE,STORE_NUMBER,SENSOR_NUMBER) values (48,1,2,307,3);
Insert into ATEAM.SENSOR (SENSOR_ID,LATITUDE,LONGITUDE,STORE_NUMBER,SENSOR_NUMBER) values (49,1,2,307,4);
Insert into ATEAM.SENSOR (SENSOR_ID,LATITUDE,LONGITUDE,STORE_NUMBER,SENSOR_NUMBER) values (50,1,2,307,5);
Insert into ATEAM.SENSOR (SENSOR_ID,LATITUDE,LONGITUDE,STORE_NUMBER,SENSOR_NUMBER) values (51,1,2,307,6);
Insert into ATEAM.SENSOR (SENSOR_ID,LATITUDE,LONGITUDE,STORE_NUMBER,SENSOR_NUMBER) values (52,1,2,307,7);
Insert into ATEAM.SENSOR (SENSOR_ID,LATITUDE,LONGITUDE,STORE_NUMBER,SENSOR_NUMBER) values (53,1,2,307,8);
Insert into ATEAM.SENSOR (SENSOR_ID,LATITUDE,LONGITUDE,STORE_NUMBER,SENSOR_NUMBER) values (54,1,2,307,9);
Insert into ATEAM.SENSOR (SENSOR_ID,LATITUDE,LONGITUDE,STORE_NUMBER,SENSOR_NUMBER) values (55,1,2,308,1);
Insert into ATEAM.SENSOR (SENSOR_ID,LATITUDE,LONGITUDE,STORE_NUMBER,SENSOR_NUMBER) values (56,1,2,308,2);
Insert into ATEAM.SENSOR (SENSOR_ID,LATITUDE,LONGITUDE,STORE_NUMBER,SENSOR_NUMBER) values (57,1,2,308,3);
Insert into ATEAM.SENSOR (SENSOR_ID,LATITUDE,LONGITUDE,STORE_NUMBER,SENSOR_NUMBER) values (58,1,2,308,4);
Insert into ATEAM.SENSOR (SENSOR_ID,LATITUDE,LONGITUDE,STORE_NUMBER,SENSOR_NUMBER) values (59,1,2,308,5);
Insert into ATEAM.SENSOR (SENSOR_ID,LATITUDE,LONGITUDE,STORE_NUMBER,SENSOR_NUMBER) values (60,1,2,308,6);
Insert into ATEAM.SENSOR (SENSOR_ID,LATITUDE,LONGITUDE,STORE_NUMBER,SENSOR_NUMBER) values (61,1,2,308,7);
Insert into ATEAM.SENSOR (SENSOR_ID,LATITUDE,LONGITUDE,STORE_NUMBER,SENSOR_NUMBER) values (62,1,2,308,8);
Insert into ATEAM.SENSOR (SENSOR_ID,LATITUDE,LONGITUDE,STORE_NUMBER,SENSOR_NUMBER) values (63,1,2,308,9);
Insert into ATEAM.SENSOR (SENSOR_ID,LATITUDE,LONGITUDE,STORE_NUMBER,SENSOR_NUMBER) values (64,1,2,309,1);
Insert into ATEAM.SENSOR (SENSOR_ID,LATITUDE,LONGITUDE,STORE_NUMBER,SENSOR_NUMBER) values (65,1,2,309,2);
Insert into ATEAM.SENSOR (SENSOR_ID,LATITUDE,LONGITUDE,STORE_NUMBER,SENSOR_NUMBER) values (66,1,2,309,3);
Insert into ATEAM.SENSOR (SENSOR_ID,LATITUDE,LONGITUDE,STORE_NUMBER,SENSOR_NUMBER) values (67,1,2,309,4);
Insert into ATEAM.SENSOR (SENSOR_ID,LATITUDE,LONGITUDE,STORE_NUMBER,SENSOR_NUMBER) values (68,1,2,309,5);
Insert into ATEAM.SENSOR (SENSOR_ID,LATITUDE,LONGITUDE,STORE_NUMBER,SENSOR_NUMBER) values (69,1,2,309,6);
Insert into ATEAM.SENSOR (SENSOR_ID,LATITUDE,LONGITUDE,STORE_NUMBER,SENSOR_NUMBER) values (70,1,2,309,7);
Insert into ATEAM.SENSOR (SENSOR_ID,LATITUDE,LONGITUDE,STORE_NUMBER,SENSOR_NUMBER) values (71,1,2,309,8);
Insert into ATEAM.SENSOR (SENSOR_ID,LATITUDE,LONGITUDE,STORE_NUMBER,SENSOR_NUMBER) values (72,1,2,309,9);
Insert into ATEAM.SENSOR (SENSOR_ID,LATITUDE,LONGITUDE,STORE_NUMBER,SENSOR_NUMBER) values (73,1,2,310,1);
Insert into ATEAM.SENSOR (SENSOR_ID,LATITUDE,LONGITUDE,STORE_NUMBER,SENSOR_NUMBER) values (74,1,2,310,2);
Insert into ATEAM.SENSOR (SENSOR_ID,LATITUDE,LONGITUDE,STORE_NUMBER,SENSOR_NUMBER) values (179,1,2,330,8);
Insert into ATEAM.SENSOR (SENSOR_ID,LATITUDE,LONGITUDE,STORE_NUMBER,SENSOR_NUMBER) values (180,1,2,330,9);
Insert into ATEAM.SENSOR (SENSOR_ID,LATITUDE,LONGITUDE,STORE_NUMBER,SENSOR_NUMBER) values (75,1,2,310,3);
Insert into ATEAM.SENSOR (SENSOR_ID,LATITUDE,LONGITUDE,STORE_NUMBER,SENSOR_NUMBER) values (76,1,2,310,4);
Insert into ATEAM.SENSOR (SENSOR_ID,LATITUDE,LONGITUDE,STORE_NUMBER,SENSOR_NUMBER) values (77,1,2,310,5);
Insert into ATEAM.SENSOR (SENSOR_ID,LATITUDE,LONGITUDE,STORE_NUMBER,SENSOR_NUMBER) values (78,1,2,310,6);
Insert into ATEAM.SENSOR (SENSOR_ID,LATITUDE,LONGITUDE,STORE_NUMBER,SENSOR_NUMBER) values (79,1,2,310,7);
Insert into ATEAM.SENSOR (SENSOR_ID,LATITUDE,LONGITUDE,STORE_NUMBER,SENSOR_NUMBER) values (80,1,2,310,8);
Insert into ATEAM.SENSOR (SENSOR_ID,LATITUDE,LONGITUDE,STORE_NUMBER,SENSOR_NUMBER) values (81,1,2,310,9);
Insert into ATEAM.SENSOR (SENSOR_ID,LATITUDE,LONGITUDE,STORE_NUMBER,SENSOR_NUMBER) values (82,1,2,311,1);
Insert into ATEAM.SENSOR (SENSOR_ID,LATITUDE,LONGITUDE,STORE_NUMBER,SENSOR_NUMBER) values (83,1,2,311,2);
Insert into ATEAM.SENSOR (SENSOR_ID,LATITUDE,LONGITUDE,STORE_NUMBER,SENSOR_NUMBER) values (84,1,2,311,3);
Insert into ATEAM.SENSOR (SENSOR_ID,LATITUDE,LONGITUDE,STORE_NUMBER,SENSOR_NUMBER) values (85,1,2,311,4);
Insert into ATEAM.SENSOR (SENSOR_ID,LATITUDE,LONGITUDE,STORE_NUMBER,SENSOR_NUMBER) values (86,1,2,311,5);
Insert into ATEAM.SENSOR (SENSOR_ID,LATITUDE,LONGITUDE,STORE_NUMBER,SENSOR_NUMBER) values (87,1,2,311,6);
Insert into ATEAM.SENSOR (SENSOR_ID,LATITUDE,LONGITUDE,STORE_NUMBER,SENSOR_NUMBER) values (88,1,2,311,7);
Insert into ATEAM.SENSOR (SENSOR_ID,LATITUDE,LONGITUDE,STORE_NUMBER,SENSOR_NUMBER) values (89,1,2,311,8);
Insert into ATEAM.SENSOR (SENSOR_ID,LATITUDE,LONGITUDE,STORE_NUMBER,SENSOR_NUMBER) values (90,1,2,311,9);
Insert into ATEAM.SENSOR (SENSOR_ID,LATITUDE,LONGITUDE,STORE_NUMBER,SENSOR_NUMBER) values (91,1,2,312,1);
Insert into ATEAM.SENSOR (SENSOR_ID,LATITUDE,LONGITUDE,STORE_NUMBER,SENSOR_NUMBER) values (92,1,2,312,2);
Insert into ATEAM.SENSOR (SENSOR_ID,LATITUDE,LONGITUDE,STORE_NUMBER,SENSOR_NUMBER) values (93,1,2,312,3);
Insert into ATEAM.SENSOR (SENSOR_ID,LATITUDE,LONGITUDE,STORE_NUMBER,SENSOR_NUMBER) values (94,1,2,312,4);
Insert into ATEAM.SENSOR (SENSOR_ID,LATITUDE,LONGITUDE,STORE_NUMBER,SENSOR_NUMBER) values (95,1,2,312,5);
Insert into ATEAM.SENSOR (SENSOR_ID,LATITUDE,LONGITUDE,STORE_NUMBER,SENSOR_NUMBER) values (96,1,2,312,6);
Insert into ATEAM.SENSOR (SENSOR_ID,LATITUDE,LONGITUDE,STORE_NUMBER,SENSOR_NUMBER) values (97,1,2,312,7);
Insert into ATEAM.SENSOR (SENSOR_ID,LATITUDE,LONGITUDE,STORE_NUMBER,SENSOR_NUMBER) values (98,1,2,312,8);
Insert into ATEAM.SENSOR (SENSOR_ID,LATITUDE,LONGITUDE,STORE_NUMBER,SENSOR_NUMBER) values (99,1,2,312,9);
Insert into ATEAM.SENSOR (SENSOR_ID,LATITUDE,LONGITUDE,STORE_NUMBER,SENSOR_NUMBER) values (100,1,2,313,1);
Insert into ATEAM.SENSOR (SENSOR_ID,LATITUDE,LONGITUDE,STORE_NUMBER,SENSOR_NUMBER) values (101,1,2,313,2);
Insert into ATEAM.SENSOR (SENSOR_ID,LATITUDE,LONGITUDE,STORE_NUMBER,SENSOR_NUMBER) values (102,1,2,313,3);
Insert into ATEAM.SENSOR (SENSOR_ID,LATITUDE,LONGITUDE,STORE_NUMBER,SENSOR_NUMBER) values (103,1,2,313,4);
Insert into ATEAM.SENSOR (SENSOR_ID,LATITUDE,LONGITUDE,STORE_NUMBER,SENSOR_NUMBER) values (104,1,2,313,5);
Insert into ATEAM.SENSOR (SENSOR_ID,LATITUDE,LONGITUDE,STORE_NUMBER,SENSOR_NUMBER) values (105,1,2,313,6);
Insert into ATEAM.SENSOR (SENSOR_ID,LATITUDE,LONGITUDE,STORE_NUMBER,SENSOR_NUMBER) values (106,1,2,313,7);
Insert into ATEAM.SENSOR (SENSOR_ID,LATITUDE,LONGITUDE,STORE_NUMBER,SENSOR_NUMBER) values (107,1,2,313,8);
Insert into ATEAM.SENSOR (SENSOR_ID,LATITUDE,LONGITUDE,STORE_NUMBER,SENSOR_NUMBER) values (108,1,2,313,9);
Insert into ATEAM.SENSOR (SENSOR_ID,LATITUDE,LONGITUDE,STORE_NUMBER,SENSOR_NUMBER) values (109,1,2,321,1);
Insert into ATEAM.SENSOR (SENSOR_ID,LATITUDE,LONGITUDE,STORE_NUMBER,SENSOR_NUMBER) values (110,1,2,321,2);
Insert into ATEAM.SENSOR (SENSOR_ID,LATITUDE,LONGITUDE,STORE_NUMBER,SENSOR_NUMBER) values (111,1,2,321,3);
Insert into ATEAM.SENSOR (SENSOR_ID,LATITUDE,LONGITUDE,STORE_NUMBER,SENSOR_NUMBER) values (112,1,2,321,4);
Insert into ATEAM.SENSOR (SENSOR_ID,LATITUDE,LONGITUDE,STORE_NUMBER,SENSOR_NUMBER) values (113,1,2,321,5);
Insert into ATEAM.SENSOR (SENSOR_ID,LATITUDE,LONGITUDE,STORE_NUMBER,SENSOR_NUMBER) values (114,1,2,321,6);
Insert into ATEAM.SENSOR (SENSOR_ID,LATITUDE,LONGITUDE,STORE_NUMBER,SENSOR_NUMBER) values (115,1,2,321,7);
Insert into ATEAM.SENSOR (SENSOR_ID,LATITUDE,LONGITUDE,STORE_NUMBER,SENSOR_NUMBER) values (116,1,2,321,8);
Insert into ATEAM.SENSOR (SENSOR_ID,LATITUDE,LONGITUDE,STORE_NUMBER,SENSOR_NUMBER) values (117,1,2,321,9);
Insert into ATEAM.SENSOR (SENSOR_ID,LATITUDE,LONGITUDE,STORE_NUMBER,SENSOR_NUMBER) values (118,1,2,322,1);
Insert into ATEAM.SENSOR (SENSOR_ID,LATITUDE,LONGITUDE,STORE_NUMBER,SENSOR_NUMBER) values (119,1,2,322,2);
Insert into ATEAM.SENSOR (SENSOR_ID,LATITUDE,LONGITUDE,STORE_NUMBER,SENSOR_NUMBER) values (120,1,2,322,3);
Insert into ATEAM.SENSOR (SENSOR_ID,LATITUDE,LONGITUDE,STORE_NUMBER,SENSOR_NUMBER) values (121,1,2,322,4);
Insert into ATEAM.SENSOR (SENSOR_ID,LATITUDE,LONGITUDE,STORE_NUMBER,SENSOR_NUMBER) values (122,1,2,322,5);
Insert into ATEAM.SENSOR (SENSOR_ID,LATITUDE,LONGITUDE,STORE_NUMBER,SENSOR_NUMBER) values (123,1,2,322,6);
Insert into ATEAM.SENSOR (SENSOR_ID,LATITUDE,LONGITUDE,STORE_NUMBER,SENSOR_NUMBER) values (124,1,2,322,7);
Insert into ATEAM.SENSOR (SENSOR_ID,LATITUDE,LONGITUDE,STORE_NUMBER,SENSOR_NUMBER) values (125,1,2,322,8);
Insert into ATEAM.SENSOR (SENSOR_ID,LATITUDE,LONGITUDE,STORE_NUMBER,SENSOR_NUMBER) values (126,1,2,322,9);
Insert into ATEAM.SENSOR (SENSOR_ID,LATITUDE,LONGITUDE,STORE_NUMBER,SENSOR_NUMBER) values (127,1,2,323,1);
Insert into ATEAM.SENSOR (SENSOR_ID,LATITUDE,LONGITUDE,STORE_NUMBER,SENSOR_NUMBER) values (128,1,2,323,2);
Insert into ATEAM.SENSOR (SENSOR_ID,LATITUDE,LONGITUDE,STORE_NUMBER,SENSOR_NUMBER) values (129,1,2,323,3);
Insert into ATEAM.SENSOR (SENSOR_ID,LATITUDE,LONGITUDE,STORE_NUMBER,SENSOR_NUMBER) values (130,1,2,323,4);
Insert into ATEAM.SENSOR (SENSOR_ID,LATITUDE,LONGITUDE,STORE_NUMBER,SENSOR_NUMBER) values (131,1,2,323,5);
Insert into ATEAM.SENSOR (SENSOR_ID,LATITUDE,LONGITUDE,STORE_NUMBER,SENSOR_NUMBER) values (132,1,2,323,6);
Insert into ATEAM.SENSOR (SENSOR_ID,LATITUDE,LONGITUDE,STORE_NUMBER,SENSOR_NUMBER) values (133,1,2,323,7);
Insert into ATEAM.SENSOR (SENSOR_ID,LATITUDE,LONGITUDE,STORE_NUMBER,SENSOR_NUMBER) values (134,1,2,323,8);
Insert into ATEAM.SENSOR (SENSOR_ID,LATITUDE,LONGITUDE,STORE_NUMBER,SENSOR_NUMBER) values (135,1,2,323,9);
Insert into ATEAM.SENSOR (SENSOR_ID,LATITUDE,LONGITUDE,STORE_NUMBER,SENSOR_NUMBER) values (183,1,2,332,3);
Insert into ATEAM.SENSOR (SENSOR_ID,LATITUDE,LONGITUDE,STORE_NUMBER,SENSOR_NUMBER) values (184,1,2,332,4);
Insert into ATEAM.SENSOR (SENSOR_ID,LATITUDE,LONGITUDE,STORE_NUMBER,SENSOR_NUMBER) values (185,1,2,332,5);
Insert into ATEAM.SENSOR (SENSOR_ID,LATITUDE,LONGITUDE,STORE_NUMBER,SENSOR_NUMBER) values (186,1,2,332,6);
Insert into ATEAM.SENSOR (SENSOR_ID,LATITUDE,LONGITUDE,STORE_NUMBER,SENSOR_NUMBER) values (187,1,2,332,7);
Insert into ATEAM.SENSOR (SENSOR_ID,LATITUDE,LONGITUDE,STORE_NUMBER,SENSOR_NUMBER) values (188,1,2,332,8);
Insert into ATEAM.SENSOR (SENSOR_ID,LATITUDE,LONGITUDE,STORE_NUMBER,SENSOR_NUMBER) values (189,1,2,332,9);
Insert into ATEAM.SENSOR (SENSOR_ID,LATITUDE,LONGITUDE,STORE_NUMBER,SENSOR_NUMBER) values (181,1,2,332,1);
Insert into ATEAM.SENSOR (SENSOR_ID,LATITUDE,LONGITUDE,STORE_NUMBER,SENSOR_NUMBER) values (182,1,2,332,2);
Insert into ATEAM.SENSOR (SENSOR_ID,LATITUDE,LONGITUDE,STORE_NUMBER,SENSOR_NUMBER) values (154,1,2,328,1);
Insert into ATEAM.SENSOR (SENSOR_ID,LATITUDE,LONGITUDE,STORE_NUMBER,SENSOR_NUMBER) values (155,1,2,328,2);
Insert into ATEAM.SENSOR (SENSOR_ID,LATITUDE,LONGITUDE,STORE_NUMBER,SENSOR_NUMBER) values (156,1,2,328,3);
Insert into ATEAM.SENSOR (SENSOR_ID,LATITUDE,LONGITUDE,STORE_NUMBER,SENSOR_NUMBER) values (157,1,2,328,4);
Insert into ATEAM.SENSOR (SENSOR_ID,LATITUDE,LONGITUDE,STORE_NUMBER,SENSOR_NUMBER) values (158,1,2,328,5);
Insert into ATEAM.SENSOR (SENSOR_ID,LATITUDE,LONGITUDE,STORE_NUMBER,SENSOR_NUMBER) values (159,1,2,328,6);
Insert into ATEAM.SENSOR (SENSOR_ID,LATITUDE,LONGITUDE,STORE_NUMBER,SENSOR_NUMBER) values (160,1,2,328,7);
Insert into ATEAM.SENSOR (SENSOR_ID,LATITUDE,LONGITUDE,STORE_NUMBER,SENSOR_NUMBER) values (161,1,2,328,8);
Insert into ATEAM.SENSOR (SENSOR_ID,LATITUDE,LONGITUDE,STORE_NUMBER,SENSOR_NUMBER) values (162,1,2,328,9);
REM INSERTING into ATEAM.STATE
SET DEFINE OFF;
Insert into ATEAM.STATE (INVENTORY_NUMBER,STORE_NUMBER,SENSOR_ID,NOW_STATE,CREATE_DATE,CHANGE_DATE) values (164,329,164,'Y',to_date('21/12/27 15:02:41','RR/MM/DD HH24:MI:SS'),to_date('21/12/28 17:40:46','RR/MM/DD HH24:MI:SS'));
Insert into ATEAM.STATE (INVENTORY_NUMBER,STORE_NUMBER,SENSOR_ID,NOW_STATE,CREATE_DATE,CHANGE_DATE) values (165,329,165,'Y',to_date('21/12/27 15:02:41','RR/MM/DD HH24:MI:SS'),to_date('21/12/28 17:40:46','RR/MM/DD HH24:MI:SS'));
Insert into ATEAM.STATE (INVENTORY_NUMBER,STORE_NUMBER,SENSOR_ID,NOW_STATE,CREATE_DATE,CHANGE_DATE) values (166,329,166,'Y',to_date('21/12/27 15:02:41','RR/MM/DD HH24:MI:SS'),to_date('21/12/27 15:02:41','RR/MM/DD HH24:MI:SS'));
Insert into ATEAM.STATE (INVENTORY_NUMBER,STORE_NUMBER,SENSOR_ID,NOW_STATE,CREATE_DATE,CHANGE_DATE) values (167,329,167,'Y',to_date('21/12/27 15:02:41','RR/MM/DD HH24:MI:SS'),to_date('21/12/27 15:02:41','RR/MM/DD HH24:MI:SS'));
Insert into ATEAM.STATE (INVENTORY_NUMBER,STORE_NUMBER,SENSOR_ID,NOW_STATE,CREATE_DATE,CHANGE_DATE) values (168,329,168,'Y',to_date('21/12/27 15:02:41','RR/MM/DD HH24:MI:SS'),to_date('21/12/27 15:02:41','RR/MM/DD HH24:MI:SS'));
Insert into ATEAM.STATE (INVENTORY_NUMBER,STORE_NUMBER,SENSOR_ID,NOW_STATE,CREATE_DATE,CHANGE_DATE) values (169,329,169,'Y',to_date('21/12/27 15:02:41','RR/MM/DD HH24:MI:SS'),to_date('21/12/27 15:02:41','RR/MM/DD HH24:MI:SS'));
Insert into ATEAM.STATE (INVENTORY_NUMBER,STORE_NUMBER,SENSOR_ID,NOW_STATE,CREATE_DATE,CHANGE_DATE) values (170,329,170,'Y',to_date('21/12/27 15:02:41','RR/MM/DD HH24:MI:SS'),to_date('21/12/27 15:02:41','RR/MM/DD HH24:MI:SS'));
Insert into ATEAM.STATE (INVENTORY_NUMBER,STORE_NUMBER,SENSOR_ID,NOW_STATE,CREATE_DATE,CHANGE_DATE) values (163,329,163,'Y',to_date('21/12/27 15:02:41','RR/MM/DD HH24:MI:SS'),to_date('21/12/28 17:40:46','RR/MM/DD HH24:MI:SS'));
Insert into ATEAM.STATE (INVENTORY_NUMBER,STORE_NUMBER,SENSOR_ID,NOW_STATE,CREATE_DATE,CHANGE_DATE) values (171,329,171,'Y',to_date('21/12/27 15:02:41','RR/MM/DD HH24:MI:SS'),to_date('21/12/27 15:02:41','RR/MM/DD HH24:MI:SS'));
Insert into ATEAM.STATE (INVENTORY_NUMBER,STORE_NUMBER,SENSOR_ID,NOW_STATE,CREATE_DATE,CHANGE_DATE) values (172,330,172,'Y',to_date('21/12/27 15:13:47','RR/MM/DD HH24:MI:SS'),to_date('21/12/27 15:13:47','RR/MM/DD HH24:MI:SS'));
Insert into ATEAM.STATE (INVENTORY_NUMBER,STORE_NUMBER,SENSOR_ID,NOW_STATE,CREATE_DATE,CHANGE_DATE) values (173,330,173,'Y',to_date('21/12/27 15:13:47','RR/MM/DD HH24:MI:SS'),to_date('21/12/27 15:13:47','RR/MM/DD HH24:MI:SS'));
Insert into ATEAM.STATE (INVENTORY_NUMBER,STORE_NUMBER,SENSOR_ID,NOW_STATE,CREATE_DATE,CHANGE_DATE) values (174,330,174,'Y',to_date('21/12/27 15:13:47','RR/MM/DD HH24:MI:SS'),to_date('21/12/27 15:13:47','RR/MM/DD HH24:MI:SS'));
Insert into ATEAM.STATE (INVENTORY_NUMBER,STORE_NUMBER,SENSOR_ID,NOW_STATE,CREATE_DATE,CHANGE_DATE) values (175,330,175,'Y',to_date('21/12/27 15:13:47','RR/MM/DD HH24:MI:SS'),to_date('21/12/27 15:13:47','RR/MM/DD HH24:MI:SS'));
Insert into ATEAM.STATE (INVENTORY_NUMBER,STORE_NUMBER,SENSOR_ID,NOW_STATE,CREATE_DATE,CHANGE_DATE) values (176,330,176,'Y',to_date('21/12/27 15:13:47','RR/MM/DD HH24:MI:SS'),to_date('21/12/27 15:13:47','RR/MM/DD HH24:MI:SS'));
Insert into ATEAM.STATE (INVENTORY_NUMBER,STORE_NUMBER,SENSOR_ID,NOW_STATE,CREATE_DATE,CHANGE_DATE) values (19,304,19,'Y',to_date('21/12/24 17:12:54','RR/MM/DD HH24:MI:SS'),to_date('21/12/24 17:12:54','RR/MM/DD HH24:MI:SS'));
Insert into ATEAM.STATE (INVENTORY_NUMBER,STORE_NUMBER,SENSOR_ID,NOW_STATE,CREATE_DATE,CHANGE_DATE) values (20,304,20,'Y',to_date('21/12/24 17:12:54','RR/MM/DD HH24:MI:SS'),to_date('21/12/24 17:12:54','RR/MM/DD HH24:MI:SS'));
Insert into ATEAM.STATE (INVENTORY_NUMBER,STORE_NUMBER,SENSOR_ID,NOW_STATE,CREATE_DATE,CHANGE_DATE) values (177,330,177,'X',to_date('21/12/27 15:13:47','RR/MM/DD HH24:MI:SS'),to_date('21/12/27 15:13:47','RR/MM/DD HH24:MI:SS'));
Insert into ATEAM.STATE (INVENTORY_NUMBER,STORE_NUMBER,SENSOR_ID,NOW_STATE,CREATE_DATE,CHANGE_DATE) values (178,330,178,'X',to_date('21/12/27 15:13:47','RR/MM/DD HH24:MI:SS'),to_date('21/12/27 15:13:47','RR/MM/DD HH24:MI:SS'));
Insert into ATEAM.STATE (INVENTORY_NUMBER,STORE_NUMBER,SENSOR_ID,NOW_STATE,CREATE_DATE,CHANGE_DATE) values (21,304,21,'Y',to_date('21/12/24 17:12:54','RR/MM/DD HH24:MI:SS'),to_date('21/12/24 17:12:54','RR/MM/DD HH24:MI:SS'));
Insert into ATEAM.STATE (INVENTORY_NUMBER,STORE_NUMBER,SENSOR_ID,NOW_STATE,CREATE_DATE,CHANGE_DATE) values (22,304,22,'X',to_date('21/12/24 17:12:54','RR/MM/DD HH24:MI:SS'),to_date('21/12/24 17:12:54','RR/MM/DD HH24:MI:SS'));
Insert into ATEAM.STATE (INVENTORY_NUMBER,STORE_NUMBER,SENSOR_ID,NOW_STATE,CREATE_DATE,CHANGE_DATE) values (23,304,23,'X',to_date('21/12/24 17:12:54','RR/MM/DD HH24:MI:SS'),to_date('21/12/24 17:12:54','RR/MM/DD HH24:MI:SS'));
Insert into ATEAM.STATE (INVENTORY_NUMBER,STORE_NUMBER,SENSOR_ID,NOW_STATE,CREATE_DATE,CHANGE_DATE) values (24,304,24,'X',to_date('21/12/24 17:12:54','RR/MM/DD HH24:MI:SS'),to_date('21/12/24 17:12:54','RR/MM/DD HH24:MI:SS'));
Insert into ATEAM.STATE (INVENTORY_NUMBER,STORE_NUMBER,SENSOR_ID,NOW_STATE,CREATE_DATE,CHANGE_DATE) values (25,304,25,'X',to_date('21/12/24 17:12:54','RR/MM/DD HH24:MI:SS'),to_date('21/12/24 17:12:54','RR/MM/DD HH24:MI:SS'));
Insert into ATEAM.STATE (INVENTORY_NUMBER,STORE_NUMBER,SENSOR_ID,NOW_STATE,CREATE_DATE,CHANGE_DATE) values (26,304,26,'X',to_date('21/12/24 17:12:54','RR/MM/DD HH24:MI:SS'),to_date('21/12/24 17:12:54','RR/MM/DD HH24:MI:SS'));
Insert into ATEAM.STATE (INVENTORY_NUMBER,STORE_NUMBER,SENSOR_ID,NOW_STATE,CREATE_DATE,CHANGE_DATE) values (27,304,27,'X',to_date('21/12/24 17:12:54','RR/MM/DD HH24:MI:SS'),to_date('21/12/24 17:12:54','RR/MM/DD HH24:MI:SS'));
Insert into ATEAM.STATE (INVENTORY_NUMBER,STORE_NUMBER,SENSOR_ID,NOW_STATE,CREATE_DATE,CHANGE_DATE) values (28,305,28,'Y',to_date('21/12/24 17:29:33','RR/MM/DD HH24:MI:SS'),to_date('21/12/24 17:29:33','RR/MM/DD HH24:MI:SS'));
Insert into ATEAM.STATE (INVENTORY_NUMBER,STORE_NUMBER,SENSOR_ID,NOW_STATE,CREATE_DATE,CHANGE_DATE) values (29,305,29,'Y',to_date('21/12/24 17:29:33','RR/MM/DD HH24:MI:SS'),to_date('21/12/24 17:29:33','RR/MM/DD HH24:MI:SS'));
Insert into ATEAM.STATE (INVENTORY_NUMBER,STORE_NUMBER,SENSOR_ID,NOW_STATE,CREATE_DATE,CHANGE_DATE) values (30,305,30,'Y',to_date('21/12/24 17:29:33','RR/MM/DD HH24:MI:SS'),to_date('21/12/24 17:29:33','RR/MM/DD HH24:MI:SS'));
Insert into ATEAM.STATE (INVENTORY_NUMBER,STORE_NUMBER,SENSOR_ID,NOW_STATE,CREATE_DATE,CHANGE_DATE) values (31,305,31,'Y',to_date('21/12/24 17:29:33','RR/MM/DD HH24:MI:SS'),to_date('21/12/24 17:29:33','RR/MM/DD HH24:MI:SS'));
Insert into ATEAM.STATE (INVENTORY_NUMBER,STORE_NUMBER,SENSOR_ID,NOW_STATE,CREATE_DATE,CHANGE_DATE) values (32,305,32,'Y',to_date('21/12/24 17:29:33','RR/MM/DD HH24:MI:SS'),to_date('21/12/24 17:29:33','RR/MM/DD HH24:MI:SS'));
Insert into ATEAM.STATE (INVENTORY_NUMBER,STORE_NUMBER,SENSOR_ID,NOW_STATE,CREATE_DATE,CHANGE_DATE) values (33,305,33,'X',to_date('21/12/24 17:29:33','RR/MM/DD HH24:MI:SS'),to_date('21/12/24 17:29:33','RR/MM/DD HH24:MI:SS'));
Insert into ATEAM.STATE (INVENTORY_NUMBER,STORE_NUMBER,SENSOR_ID,NOW_STATE,CREATE_DATE,CHANGE_DATE) values (34,305,34,'X',to_date('21/12/24 17:29:33','RR/MM/DD HH24:MI:SS'),to_date('21/12/24 17:29:33','RR/MM/DD HH24:MI:SS'));
Insert into ATEAM.STATE (INVENTORY_NUMBER,STORE_NUMBER,SENSOR_ID,NOW_STATE,CREATE_DATE,CHANGE_DATE) values (35,305,35,'X',to_date('21/12/24 17:29:33','RR/MM/DD HH24:MI:SS'),to_date('21/12/24 17:29:33','RR/MM/DD HH24:MI:SS'));
Insert into ATEAM.STATE (INVENTORY_NUMBER,STORE_NUMBER,SENSOR_ID,NOW_STATE,CREATE_DATE,CHANGE_DATE) values (36,305,36,'X',to_date('21/12/24 17:29:33','RR/MM/DD HH24:MI:SS'),to_date('21/12/24 17:29:33','RR/MM/DD HH24:MI:SS'));
Insert into ATEAM.STATE (INVENTORY_NUMBER,STORE_NUMBER,SENSOR_ID,NOW_STATE,CREATE_DATE,CHANGE_DATE) values (37,306,37,'Y',to_date('21/12/24 17:39:31','RR/MM/DD HH24:MI:SS'),to_date('21/12/24 17:39:31','RR/MM/DD HH24:MI:SS'));
Insert into ATEAM.STATE (INVENTORY_NUMBER,STORE_NUMBER,SENSOR_ID,NOW_STATE,CREATE_DATE,CHANGE_DATE) values (38,306,38,'Y',to_date('21/12/24 17:39:31','RR/MM/DD HH24:MI:SS'),to_date('21/12/24 17:39:31','RR/MM/DD HH24:MI:SS'));
Insert into ATEAM.STATE (INVENTORY_NUMBER,STORE_NUMBER,SENSOR_ID,NOW_STATE,CREATE_DATE,CHANGE_DATE) values (39,306,39,'Y',to_date('21/12/24 17:39:31','RR/MM/DD HH24:MI:SS'),to_date('21/12/24 17:39:31','RR/MM/DD HH24:MI:SS'));
Insert into ATEAM.STATE (INVENTORY_NUMBER,STORE_NUMBER,SENSOR_ID,NOW_STATE,CREATE_DATE,CHANGE_DATE) values (40,306,40,'Y',to_date('21/12/24 17:39:31','RR/MM/DD HH24:MI:SS'),to_date('21/12/24 17:39:31','RR/MM/DD HH24:MI:SS'));
Insert into ATEAM.STATE (INVENTORY_NUMBER,STORE_NUMBER,SENSOR_ID,NOW_STATE,CREATE_DATE,CHANGE_DATE) values (41,306,41,'Y',to_date('21/12/24 17:39:31','RR/MM/DD HH24:MI:SS'),to_date('21/12/24 17:39:31','RR/MM/DD HH24:MI:SS'));
Insert into ATEAM.STATE (INVENTORY_NUMBER,STORE_NUMBER,SENSOR_ID,NOW_STATE,CREATE_DATE,CHANGE_DATE) values (42,306,42,'X',to_date('21/12/24 17:39:31','RR/MM/DD HH24:MI:SS'),to_date('21/12/24 17:39:31','RR/MM/DD HH24:MI:SS'));
Insert into ATEAM.STATE (INVENTORY_NUMBER,STORE_NUMBER,SENSOR_ID,NOW_STATE,CREATE_DATE,CHANGE_DATE) values (43,306,43,'X',to_date('21/12/24 17:39:31','RR/MM/DD HH24:MI:SS'),to_date('21/12/24 17:39:31','RR/MM/DD HH24:MI:SS'));
Insert into ATEAM.STATE (INVENTORY_NUMBER,STORE_NUMBER,SENSOR_ID,NOW_STATE,CREATE_DATE,CHANGE_DATE) values (44,306,44,'X',to_date('21/12/24 17:39:31','RR/MM/DD HH24:MI:SS'),to_date('21/12/24 17:39:31','RR/MM/DD HH24:MI:SS'));
Insert into ATEAM.STATE (INVENTORY_NUMBER,STORE_NUMBER,SENSOR_ID,NOW_STATE,CREATE_DATE,CHANGE_DATE) values (45,306,45,'X',to_date('21/12/24 17:39:31','RR/MM/DD HH24:MI:SS'),to_date('21/12/24 17:39:31','RR/MM/DD HH24:MI:SS'));
Insert into ATEAM.STATE (INVENTORY_NUMBER,STORE_NUMBER,SENSOR_ID,NOW_STATE,CREATE_DATE,CHANGE_DATE) values (46,307,46,'Y',to_date('21/12/24 17:46:48','RR/MM/DD HH24:MI:SS'),to_date('21/12/24 17:46:48','RR/MM/DD HH24:MI:SS'));
Insert into ATEAM.STATE (INVENTORY_NUMBER,STORE_NUMBER,SENSOR_ID,NOW_STATE,CREATE_DATE,CHANGE_DATE) values (47,307,47,'Y',to_date('21/12/24 17:46:48','RR/MM/DD HH24:MI:SS'),to_date('21/12/24 17:46:48','RR/MM/DD HH24:MI:SS'));
Insert into ATEAM.STATE (INVENTORY_NUMBER,STORE_NUMBER,SENSOR_ID,NOW_STATE,CREATE_DATE,CHANGE_DATE) values (48,307,48,'Y',to_date('21/12/24 17:46:48','RR/MM/DD HH24:MI:SS'),to_date('21/12/24 17:46:48','RR/MM/DD HH24:MI:SS'));
Insert into ATEAM.STATE (INVENTORY_NUMBER,STORE_NUMBER,SENSOR_ID,NOW_STATE,CREATE_DATE,CHANGE_DATE) values (49,307,49,'Y',to_date('21/12/24 17:46:48','RR/MM/DD HH24:MI:SS'),to_date('21/12/24 17:46:48','RR/MM/DD HH24:MI:SS'));
Insert into ATEAM.STATE (INVENTORY_NUMBER,STORE_NUMBER,SENSOR_ID,NOW_STATE,CREATE_DATE,CHANGE_DATE) values (50,307,50,'Y',to_date('21/12/24 17:46:48','RR/MM/DD HH24:MI:SS'),to_date('21/12/24 17:46:48','RR/MM/DD HH24:MI:SS'));
Insert into ATEAM.STATE (INVENTORY_NUMBER,STORE_NUMBER,SENSOR_ID,NOW_STATE,CREATE_DATE,CHANGE_DATE) values (51,307,51,'Y',to_date('21/12/24 17:46:48','RR/MM/DD HH24:MI:SS'),to_date('21/12/24 17:46:48','RR/MM/DD HH24:MI:SS'));
Insert into ATEAM.STATE (INVENTORY_NUMBER,STORE_NUMBER,SENSOR_ID,NOW_STATE,CREATE_DATE,CHANGE_DATE) values (52,307,52,'Y',to_date('21/12/24 17:46:48','RR/MM/DD HH24:MI:SS'),to_date('21/12/24 17:46:48','RR/MM/DD HH24:MI:SS'));
Insert into ATEAM.STATE (INVENTORY_NUMBER,STORE_NUMBER,SENSOR_ID,NOW_STATE,CREATE_DATE,CHANGE_DATE) values (53,307,53,'Y',to_date('21/12/24 17:46:48','RR/MM/DD HH24:MI:SS'),to_date('21/12/24 17:46:48','RR/MM/DD HH24:MI:SS'));
Insert into ATEAM.STATE (INVENTORY_NUMBER,STORE_NUMBER,SENSOR_ID,NOW_STATE,CREATE_DATE,CHANGE_DATE) values (54,307,54,'X',to_date('21/12/24 17:46:48','RR/MM/DD HH24:MI:SS'),to_date('21/12/24 17:46:48','RR/MM/DD HH24:MI:SS'));
Insert into ATEAM.STATE (INVENTORY_NUMBER,STORE_NUMBER,SENSOR_ID,NOW_STATE,CREATE_DATE,CHANGE_DATE) values (55,308,55,'Y',to_date('21/12/24 17:48:57','RR/MM/DD HH24:MI:SS'),to_date('21/12/24 17:48:57','RR/MM/DD HH24:MI:SS'));
Insert into ATEAM.STATE (INVENTORY_NUMBER,STORE_NUMBER,SENSOR_ID,NOW_STATE,CREATE_DATE,CHANGE_DATE) values (56,308,56,'Y',to_date('21/12/24 17:48:57','RR/MM/DD HH24:MI:SS'),to_date('21/12/24 17:48:57','RR/MM/DD HH24:MI:SS'));
Insert into ATEAM.STATE (INVENTORY_NUMBER,STORE_NUMBER,SENSOR_ID,NOW_STATE,CREATE_DATE,CHANGE_DATE) values (57,308,57,'Y',to_date('21/12/24 17:48:57','RR/MM/DD HH24:MI:SS'),to_date('21/12/24 17:48:57','RR/MM/DD HH24:MI:SS'));
Insert into ATEAM.STATE (INVENTORY_NUMBER,STORE_NUMBER,SENSOR_ID,NOW_STATE,CREATE_DATE,CHANGE_DATE) values (58,308,58,'X',to_date('21/12/24 17:48:57','RR/MM/DD HH24:MI:SS'),to_date('21/12/24 17:48:57','RR/MM/DD HH24:MI:SS'));
Insert into ATEAM.STATE (INVENTORY_NUMBER,STORE_NUMBER,SENSOR_ID,NOW_STATE,CREATE_DATE,CHANGE_DATE) values (59,308,59,'X',to_date('21/12/24 17:48:57','RR/MM/DD HH24:MI:SS'),to_date('21/12/24 17:48:57','RR/MM/DD HH24:MI:SS'));
Insert into ATEAM.STATE (INVENTORY_NUMBER,STORE_NUMBER,SENSOR_ID,NOW_STATE,CREATE_DATE,CHANGE_DATE) values (60,308,60,'X',to_date('21/12/24 17:48:57','RR/MM/DD HH24:MI:SS'),to_date('21/12/24 17:48:57','RR/MM/DD HH24:MI:SS'));
Insert into ATEAM.STATE (INVENTORY_NUMBER,STORE_NUMBER,SENSOR_ID,NOW_STATE,CREATE_DATE,CHANGE_DATE) values (61,308,61,'X',to_date('21/12/24 17:48:57','RR/MM/DD HH24:MI:SS'),to_date('21/12/24 17:48:57','RR/MM/DD HH24:MI:SS'));
Insert into ATEAM.STATE (INVENTORY_NUMBER,STORE_NUMBER,SENSOR_ID,NOW_STATE,CREATE_DATE,CHANGE_DATE) values (62,308,62,'X',to_date('21/12/24 17:48:57','RR/MM/DD HH24:MI:SS'),to_date('21/12/24 17:48:57','RR/MM/DD HH24:MI:SS'));
Insert into ATEAM.STATE (INVENTORY_NUMBER,STORE_NUMBER,SENSOR_ID,NOW_STATE,CREATE_DATE,CHANGE_DATE) values (63,308,63,'X',to_date('21/12/24 17:48:57','RR/MM/DD HH24:MI:SS'),to_date('21/12/24 17:48:57','RR/MM/DD HH24:MI:SS'));
Insert into ATEAM.STATE (INVENTORY_NUMBER,STORE_NUMBER,SENSOR_ID,NOW_STATE,CREATE_DATE,CHANGE_DATE) values (64,309,64,'Y',to_date('21/12/24 17:49:43','RR/MM/DD HH24:MI:SS'),to_date('21/12/24 17:49:43','RR/MM/DD HH24:MI:SS'));
Insert into ATEAM.STATE (INVENTORY_NUMBER,STORE_NUMBER,SENSOR_ID,NOW_STATE,CREATE_DATE,CHANGE_DATE) values (65,309,65,'Y',to_date('21/12/24 17:49:43','RR/MM/DD HH24:MI:SS'),to_date('21/12/24 17:49:43','RR/MM/DD HH24:MI:SS'));
Insert into ATEAM.STATE (INVENTORY_NUMBER,STORE_NUMBER,SENSOR_ID,NOW_STATE,CREATE_DATE,CHANGE_DATE) values (66,309,66,'Y',to_date('21/12/24 17:49:43','RR/MM/DD HH24:MI:SS'),to_date('21/12/24 17:49:43','RR/MM/DD HH24:MI:SS'));
Insert into ATEAM.STATE (INVENTORY_NUMBER,STORE_NUMBER,SENSOR_ID,NOW_STATE,CREATE_DATE,CHANGE_DATE) values (67,309,67,'Y',to_date('21/12/24 17:49:43','RR/MM/DD HH24:MI:SS'),to_date('21/12/24 17:49:43','RR/MM/DD HH24:MI:SS'));
Insert into ATEAM.STATE (INVENTORY_NUMBER,STORE_NUMBER,SENSOR_ID,NOW_STATE,CREATE_DATE,CHANGE_DATE) values (68,309,68,'Y',to_date('21/12/24 17:49:43','RR/MM/DD HH24:MI:SS'),to_date('21/12/24 17:49:43','RR/MM/DD HH24:MI:SS'));
Insert into ATEAM.STATE (INVENTORY_NUMBER,STORE_NUMBER,SENSOR_ID,NOW_STATE,CREATE_DATE,CHANGE_DATE) values (69,309,69,'Y',to_date('21/12/24 17:49:43','RR/MM/DD HH24:MI:SS'),to_date('21/12/24 17:49:43','RR/MM/DD HH24:MI:SS'));
Insert into ATEAM.STATE (INVENTORY_NUMBER,STORE_NUMBER,SENSOR_ID,NOW_STATE,CREATE_DATE,CHANGE_DATE) values (70,309,70,'Y',to_date('21/12/24 17:49:43','RR/MM/DD HH24:MI:SS'),to_date('21/12/24 17:49:43','RR/MM/DD HH24:MI:SS'));
Insert into ATEAM.STATE (INVENTORY_NUMBER,STORE_NUMBER,SENSOR_ID,NOW_STATE,CREATE_DATE,CHANGE_DATE) values (71,309,71,'X',to_date('21/12/24 17:49:43','RR/MM/DD HH24:MI:SS'),to_date('21/12/24 17:49:43','RR/MM/DD HH24:MI:SS'));
Insert into ATEAM.STATE (INVENTORY_NUMBER,STORE_NUMBER,SENSOR_ID,NOW_STATE,CREATE_DATE,CHANGE_DATE) values (72,309,72,'X',to_date('21/12/24 17:49:43','RR/MM/DD HH24:MI:SS'),to_date('21/12/24 17:49:43','RR/MM/DD HH24:MI:SS'));
Insert into ATEAM.STATE (INVENTORY_NUMBER,STORE_NUMBER,SENSOR_ID,NOW_STATE,CREATE_DATE,CHANGE_DATE) values (73,310,73,'Y',to_date('21/12/24 17:51:48','RR/MM/DD HH24:MI:SS'),to_date('21/12/24 17:51:48','RR/MM/DD HH24:MI:SS'));
Insert into ATEAM.STATE (INVENTORY_NUMBER,STORE_NUMBER,SENSOR_ID,NOW_STATE,CREATE_DATE,CHANGE_DATE) values (74,310,74,'Y',to_date('21/12/24 17:51:48','RR/MM/DD HH24:MI:SS'),to_date('21/12/24 17:51:48','RR/MM/DD HH24:MI:SS'));
Insert into ATEAM.STATE (INVENTORY_NUMBER,STORE_NUMBER,SENSOR_ID,NOW_STATE,CREATE_DATE,CHANGE_DATE) values (179,330,179,'X',to_date('21/12/27 15:13:47','RR/MM/DD HH24:MI:SS'),to_date('21/12/27 15:13:47','RR/MM/DD HH24:MI:SS'));
Insert into ATEAM.STATE (INVENTORY_NUMBER,STORE_NUMBER,SENSOR_ID,NOW_STATE,CREATE_DATE,CHANGE_DATE) values (180,330,180,'X',to_date('21/12/27 15:13:47','RR/MM/DD HH24:MI:SS'),to_date('21/12/27 15:13:47','RR/MM/DD HH24:MI:SS'));
Insert into ATEAM.STATE (INVENTORY_NUMBER,STORE_NUMBER,SENSOR_ID,NOW_STATE,CREATE_DATE,CHANGE_DATE) values (75,310,75,'Y',to_date('21/12/24 17:51:48','RR/MM/DD HH24:MI:SS'),to_date('21/12/24 17:51:48','RR/MM/DD HH24:MI:SS'));
Insert into ATEAM.STATE (INVENTORY_NUMBER,STORE_NUMBER,SENSOR_ID,NOW_STATE,CREATE_DATE,CHANGE_DATE) values (76,310,76,'X',to_date('21/12/24 17:51:48','RR/MM/DD HH24:MI:SS'),to_date('21/12/24 17:51:48','RR/MM/DD HH24:MI:SS'));
Insert into ATEAM.STATE (INVENTORY_NUMBER,STORE_NUMBER,SENSOR_ID,NOW_STATE,CREATE_DATE,CHANGE_DATE) values (77,310,77,'X',to_date('21/12/24 17:51:48','RR/MM/DD HH24:MI:SS'),to_date('21/12/24 17:51:48','RR/MM/DD HH24:MI:SS'));
Insert into ATEAM.STATE (INVENTORY_NUMBER,STORE_NUMBER,SENSOR_ID,NOW_STATE,CREATE_DATE,CHANGE_DATE) values (78,310,78,'X',to_date('21/12/24 17:51:48','RR/MM/DD HH24:MI:SS'),to_date('21/12/24 17:51:48','RR/MM/DD HH24:MI:SS'));
Insert into ATEAM.STATE (INVENTORY_NUMBER,STORE_NUMBER,SENSOR_ID,NOW_STATE,CREATE_DATE,CHANGE_DATE) values (79,310,79,'X',to_date('21/12/24 17:51:48','RR/MM/DD HH24:MI:SS'),to_date('21/12/24 17:51:48','RR/MM/DD HH24:MI:SS'));
Insert into ATEAM.STATE (INVENTORY_NUMBER,STORE_NUMBER,SENSOR_ID,NOW_STATE,CREATE_DATE,CHANGE_DATE) values (80,310,80,'X',to_date('21/12/24 17:51:48','RR/MM/DD HH24:MI:SS'),to_date('21/12/24 17:51:48','RR/MM/DD HH24:MI:SS'));
Insert into ATEAM.STATE (INVENTORY_NUMBER,STORE_NUMBER,SENSOR_ID,NOW_STATE,CREATE_DATE,CHANGE_DATE) values (81,310,81,'X',to_date('21/12/24 17:51:48','RR/MM/DD HH24:MI:SS'),to_date('21/12/24 17:51:48','RR/MM/DD HH24:MI:SS'));
Insert into ATEAM.STATE (INVENTORY_NUMBER,STORE_NUMBER,SENSOR_ID,NOW_STATE,CREATE_DATE,CHANGE_DATE) values (82,311,82,'Y',to_date('21/12/24 17:54:42','RR/MM/DD HH24:MI:SS'),to_date('21/12/28 12:56:16','RR/MM/DD HH24:MI:SS'));
Insert into ATEAM.STATE (INVENTORY_NUMBER,STORE_NUMBER,SENSOR_ID,NOW_STATE,CREATE_DATE,CHANGE_DATE) values (83,311,83,'Y',to_date('21/12/24 17:54:42','RR/MM/DD HH24:MI:SS'),to_date('21/12/28 12:56:16','RR/MM/DD HH24:MI:SS'));
Insert into ATEAM.STATE (INVENTORY_NUMBER,STORE_NUMBER,SENSOR_ID,NOW_STATE,CREATE_DATE,CHANGE_DATE) values (84,311,84,'Y',to_date('21/12/24 17:54:42','RR/MM/DD HH24:MI:SS'),to_date('21/12/28 12:56:16','RR/MM/DD HH24:MI:SS'));
Insert into ATEAM.STATE (INVENTORY_NUMBER,STORE_NUMBER,SENSOR_ID,NOW_STATE,CREATE_DATE,CHANGE_DATE) values (85,311,85,'X',to_date('21/12/24 17:54:42','RR/MM/DD HH24:MI:SS'),to_date('21/12/24 17:54:42','RR/MM/DD HH24:MI:SS'));
Insert into ATEAM.STATE (INVENTORY_NUMBER,STORE_NUMBER,SENSOR_ID,NOW_STATE,CREATE_DATE,CHANGE_DATE) values (86,311,86,'X',to_date('21/12/24 17:54:42','RR/MM/DD HH24:MI:SS'),to_date('21/12/24 17:54:42','RR/MM/DD HH24:MI:SS'));
Insert into ATEAM.STATE (INVENTORY_NUMBER,STORE_NUMBER,SENSOR_ID,NOW_STATE,CREATE_DATE,CHANGE_DATE) values (87,311,87,'X',to_date('21/12/24 17:54:42','RR/MM/DD HH24:MI:SS'),to_date('21/12/24 17:54:42','RR/MM/DD HH24:MI:SS'));
Insert into ATEAM.STATE (INVENTORY_NUMBER,STORE_NUMBER,SENSOR_ID,NOW_STATE,CREATE_DATE,CHANGE_DATE) values (88,311,88,'X',to_date('21/12/24 17:54:42','RR/MM/DD HH24:MI:SS'),to_date('21/12/24 17:54:42','RR/MM/DD HH24:MI:SS'));
Insert into ATEAM.STATE (INVENTORY_NUMBER,STORE_NUMBER,SENSOR_ID,NOW_STATE,CREATE_DATE,CHANGE_DATE) values (89,311,89,'X',to_date('21/12/24 17:54:42','RR/MM/DD HH24:MI:SS'),to_date('21/12/24 17:54:42','RR/MM/DD HH24:MI:SS'));
Insert into ATEAM.STATE (INVENTORY_NUMBER,STORE_NUMBER,SENSOR_ID,NOW_STATE,CREATE_DATE,CHANGE_DATE) values (90,311,90,'X',to_date('21/12/24 17:54:42','RR/MM/DD HH24:MI:SS'),to_date('21/12/24 17:54:42','RR/MM/DD HH24:MI:SS'));
Insert into ATEAM.STATE (INVENTORY_NUMBER,STORE_NUMBER,SENSOR_ID,NOW_STATE,CREATE_DATE,CHANGE_DATE) values (91,312,91,'Y',to_date('21/12/24 17:54:43','RR/MM/DD HH24:MI:SS'),to_date('21/12/24 17:54:43','RR/MM/DD HH24:MI:SS'));
Insert into ATEAM.STATE (INVENTORY_NUMBER,STORE_NUMBER,SENSOR_ID,NOW_STATE,CREATE_DATE,CHANGE_DATE) values (92,312,92,'Y',to_date('21/12/24 17:54:43','RR/MM/DD HH24:MI:SS'),to_date('21/12/24 17:54:43','RR/MM/DD HH24:MI:SS'));
Insert into ATEAM.STATE (INVENTORY_NUMBER,STORE_NUMBER,SENSOR_ID,NOW_STATE,CREATE_DATE,CHANGE_DATE) values (93,312,93,'Y',to_date('21/12/24 17:54:43','RR/MM/DD HH24:MI:SS'),to_date('21/12/24 17:54:43','RR/MM/DD HH24:MI:SS'));
Insert into ATEAM.STATE (INVENTORY_NUMBER,STORE_NUMBER,SENSOR_ID,NOW_STATE,CREATE_DATE,CHANGE_DATE) values (94,312,94,'X',to_date('21/12/24 17:54:43','RR/MM/DD HH24:MI:SS'),to_date('21/12/24 17:54:43','RR/MM/DD HH24:MI:SS'));
Insert into ATEAM.STATE (INVENTORY_NUMBER,STORE_NUMBER,SENSOR_ID,NOW_STATE,CREATE_DATE,CHANGE_DATE) values (95,312,95,'X',to_date('21/12/24 17:54:43','RR/MM/DD HH24:MI:SS'),to_date('21/12/24 17:54:43','RR/MM/DD HH24:MI:SS'));
Insert into ATEAM.STATE (INVENTORY_NUMBER,STORE_NUMBER,SENSOR_ID,NOW_STATE,CREATE_DATE,CHANGE_DATE) values (96,312,96,'X',to_date('21/12/24 17:54:43','RR/MM/DD HH24:MI:SS'),to_date('21/12/24 17:54:43','RR/MM/DD HH24:MI:SS'));
Insert into ATEAM.STATE (INVENTORY_NUMBER,STORE_NUMBER,SENSOR_ID,NOW_STATE,CREATE_DATE,CHANGE_DATE) values (97,312,97,'X',to_date('21/12/24 17:54:43','RR/MM/DD HH24:MI:SS'),to_date('21/12/24 17:54:43','RR/MM/DD HH24:MI:SS'));
Insert into ATEAM.STATE (INVENTORY_NUMBER,STORE_NUMBER,SENSOR_ID,NOW_STATE,CREATE_DATE,CHANGE_DATE) values (98,312,98,'X',to_date('21/12/24 17:54:43','RR/MM/DD HH24:MI:SS'),to_date('21/12/24 17:54:43','RR/MM/DD HH24:MI:SS'));
Insert into ATEAM.STATE (INVENTORY_NUMBER,STORE_NUMBER,SENSOR_ID,NOW_STATE,CREATE_DATE,CHANGE_DATE) values (99,312,99,'X',to_date('21/12/24 17:54:43','RR/MM/DD HH24:MI:SS'),to_date('21/12/24 17:54:43','RR/MM/DD HH24:MI:SS'));
Insert into ATEAM.STATE (INVENTORY_NUMBER,STORE_NUMBER,SENSOR_ID,NOW_STATE,CREATE_DATE,CHANGE_DATE) values (100,313,100,'Y',to_date('21/12/24 17:56:06','RR/MM/DD HH24:MI:SS'),to_date('21/12/24 17:56:06','RR/MM/DD HH24:MI:SS'));
Insert into ATEAM.STATE (INVENTORY_NUMBER,STORE_NUMBER,SENSOR_ID,NOW_STATE,CREATE_DATE,CHANGE_DATE) values (101,313,101,'Y',to_date('21/12/24 17:56:06','RR/MM/DD HH24:MI:SS'),to_date('21/12/24 17:56:06','RR/MM/DD HH24:MI:SS'));
Insert into ATEAM.STATE (INVENTORY_NUMBER,STORE_NUMBER,SENSOR_ID,NOW_STATE,CREATE_DATE,CHANGE_DATE) values (102,313,102,'Y',to_date('21/12/24 17:56:06','RR/MM/DD HH24:MI:SS'),to_date('21/12/24 17:56:06','RR/MM/DD HH24:MI:SS'));
Insert into ATEAM.STATE (INVENTORY_NUMBER,STORE_NUMBER,SENSOR_ID,NOW_STATE,CREATE_DATE,CHANGE_DATE) values (103,313,103,'Y',to_date('21/12/24 17:56:06','RR/MM/DD HH24:MI:SS'),to_date('21/12/24 17:56:06','RR/MM/DD HH24:MI:SS'));
Insert into ATEAM.STATE (INVENTORY_NUMBER,STORE_NUMBER,SENSOR_ID,NOW_STATE,CREATE_DATE,CHANGE_DATE) values (104,313,104,'Y',to_date('21/12/24 17:56:06','RR/MM/DD HH24:MI:SS'),to_date('21/12/24 17:56:06','RR/MM/DD HH24:MI:SS'));
Insert into ATEAM.STATE (INVENTORY_NUMBER,STORE_NUMBER,SENSOR_ID,NOW_STATE,CREATE_DATE,CHANGE_DATE) values (105,313,105,'Y',to_date('21/12/24 17:56:06','RR/MM/DD HH24:MI:SS'),to_date('21/12/24 17:56:06','RR/MM/DD HH24:MI:SS'));
Insert into ATEAM.STATE (INVENTORY_NUMBER,STORE_NUMBER,SENSOR_ID,NOW_STATE,CREATE_DATE,CHANGE_DATE) values (106,313,106,'Y',to_date('21/12/24 17:56:06','RR/MM/DD HH24:MI:SS'),to_date('21/12/24 17:56:06','RR/MM/DD HH24:MI:SS'));
Insert into ATEAM.STATE (INVENTORY_NUMBER,STORE_NUMBER,SENSOR_ID,NOW_STATE,CREATE_DATE,CHANGE_DATE) values (107,313,107,'Y',to_date('21/12/24 17:56:06','RR/MM/DD HH24:MI:SS'),to_date('21/12/24 17:56:06','RR/MM/DD HH24:MI:SS'));
Insert into ATEAM.STATE (INVENTORY_NUMBER,STORE_NUMBER,SENSOR_ID,NOW_STATE,CREATE_DATE,CHANGE_DATE) values (108,313,108,'Y',to_date('21/12/24 17:56:06','RR/MM/DD HH24:MI:SS'),to_date('21/12/24 17:56:06','RR/MM/DD HH24:MI:SS'));
Insert into ATEAM.STATE (INVENTORY_NUMBER,STORE_NUMBER,SENSOR_ID,NOW_STATE,CREATE_DATE,CHANGE_DATE) values (109,321,109,'Y',to_date('21/12/27 09:43:27','RR/MM/DD HH24:MI:SS'),to_date('21/12/27 09:43:27','RR/MM/DD HH24:MI:SS'));
Insert into ATEAM.STATE (INVENTORY_NUMBER,STORE_NUMBER,SENSOR_ID,NOW_STATE,CREATE_DATE,CHANGE_DATE) values (110,321,110,'Y',to_date('21/12/27 09:43:27','RR/MM/DD HH24:MI:SS'),to_date('21/12/27 09:43:27','RR/MM/DD HH24:MI:SS'));
Insert into ATEAM.STATE (INVENTORY_NUMBER,STORE_NUMBER,SENSOR_ID,NOW_STATE,CREATE_DATE,CHANGE_DATE) values (111,321,111,'Y',to_date('21/12/27 09:43:27','RR/MM/DD HH24:MI:SS'),to_date('21/12/27 09:43:27','RR/MM/DD HH24:MI:SS'));
Insert into ATEAM.STATE (INVENTORY_NUMBER,STORE_NUMBER,SENSOR_ID,NOW_STATE,CREATE_DATE,CHANGE_DATE) values (112,321,112,'X',to_date('21/12/27 09:43:27','RR/MM/DD HH24:MI:SS'),to_date('21/12/27 09:43:27','RR/MM/DD HH24:MI:SS'));
Insert into ATEAM.STATE (INVENTORY_NUMBER,STORE_NUMBER,SENSOR_ID,NOW_STATE,CREATE_DATE,CHANGE_DATE) values (113,321,113,'X',to_date('21/12/27 09:43:27','RR/MM/DD HH24:MI:SS'),to_date('21/12/27 09:43:27','RR/MM/DD HH24:MI:SS'));
Insert into ATEAM.STATE (INVENTORY_NUMBER,STORE_NUMBER,SENSOR_ID,NOW_STATE,CREATE_DATE,CHANGE_DATE) values (114,321,114,'X',to_date('21/12/27 09:43:27','RR/MM/DD HH24:MI:SS'),to_date('21/12/27 09:43:27','RR/MM/DD HH24:MI:SS'));
Insert into ATEAM.STATE (INVENTORY_NUMBER,STORE_NUMBER,SENSOR_ID,NOW_STATE,CREATE_DATE,CHANGE_DATE) values (115,321,115,'X',to_date('21/12/27 09:43:27','RR/MM/DD HH24:MI:SS'),to_date('21/12/27 09:43:27','RR/MM/DD HH24:MI:SS'));
Insert into ATEAM.STATE (INVENTORY_NUMBER,STORE_NUMBER,SENSOR_ID,NOW_STATE,CREATE_DATE,CHANGE_DATE) values (116,321,116,'X',to_date('21/12/27 09:43:27','RR/MM/DD HH24:MI:SS'),to_date('21/12/27 09:43:27','RR/MM/DD HH24:MI:SS'));
Insert into ATEAM.STATE (INVENTORY_NUMBER,STORE_NUMBER,SENSOR_ID,NOW_STATE,CREATE_DATE,CHANGE_DATE) values (117,321,117,'X',to_date('21/12/27 09:43:27','RR/MM/DD HH24:MI:SS'),to_date('21/12/27 09:43:27','RR/MM/DD HH24:MI:SS'));
Insert into ATEAM.STATE (INVENTORY_NUMBER,STORE_NUMBER,SENSOR_ID,NOW_STATE,CREATE_DATE,CHANGE_DATE) values (118,322,118,'Y',to_date('21/12/27 09:45:58','RR/MM/DD HH24:MI:SS'),to_date('21/12/27 09:45:58','RR/MM/DD HH24:MI:SS'));
Insert into ATEAM.STATE (INVENTORY_NUMBER,STORE_NUMBER,SENSOR_ID,NOW_STATE,CREATE_DATE,CHANGE_DATE) values (119,322,119,'Y',to_date('21/12/27 09:45:58','RR/MM/DD HH24:MI:SS'),to_date('21/12/27 09:45:58','RR/MM/DD HH24:MI:SS'));
Insert into ATEAM.STATE (INVENTORY_NUMBER,STORE_NUMBER,SENSOR_ID,NOW_STATE,CREATE_DATE,CHANGE_DATE) values (120,322,120,'Y',to_date('21/12/27 09:45:58','RR/MM/DD HH24:MI:SS'),to_date('21/12/27 09:45:58','RR/MM/DD HH24:MI:SS'));
Insert into ATEAM.STATE (INVENTORY_NUMBER,STORE_NUMBER,SENSOR_ID,NOW_STATE,CREATE_DATE,CHANGE_DATE) values (121,322,121,'X',to_date('21/12/27 09:45:58','RR/MM/DD HH24:MI:SS'),to_date('21/12/27 09:45:58','RR/MM/DD HH24:MI:SS'));
Insert into ATEAM.STATE (INVENTORY_NUMBER,STORE_NUMBER,SENSOR_ID,NOW_STATE,CREATE_DATE,CHANGE_DATE) values (122,322,122,'X',to_date('21/12/27 09:45:58','RR/MM/DD HH24:MI:SS'),to_date('21/12/27 09:45:58','RR/MM/DD HH24:MI:SS'));
Insert into ATEAM.STATE (INVENTORY_NUMBER,STORE_NUMBER,SENSOR_ID,NOW_STATE,CREATE_DATE,CHANGE_DATE) values (123,322,123,'X',to_date('21/12/27 09:45:58','RR/MM/DD HH24:MI:SS'),to_date('21/12/27 09:45:58','RR/MM/DD HH24:MI:SS'));
Insert into ATEAM.STATE (INVENTORY_NUMBER,STORE_NUMBER,SENSOR_ID,NOW_STATE,CREATE_DATE,CHANGE_DATE) values (124,322,124,'X',to_date('21/12/27 09:45:58','RR/MM/DD HH24:MI:SS'),to_date('21/12/27 09:45:58','RR/MM/DD HH24:MI:SS'));
Insert into ATEAM.STATE (INVENTORY_NUMBER,STORE_NUMBER,SENSOR_ID,NOW_STATE,CREATE_DATE,CHANGE_DATE) values (125,322,125,'X',to_date('21/12/27 09:45:58','RR/MM/DD HH24:MI:SS'),to_date('21/12/27 09:45:58','RR/MM/DD HH24:MI:SS'));
Insert into ATEAM.STATE (INVENTORY_NUMBER,STORE_NUMBER,SENSOR_ID,NOW_STATE,CREATE_DATE,CHANGE_DATE) values (126,322,126,'X',to_date('21/12/27 09:45:58','RR/MM/DD HH24:MI:SS'),to_date('21/12/27 09:45:58','RR/MM/DD HH24:MI:SS'));
Insert into ATEAM.STATE (INVENTORY_NUMBER,STORE_NUMBER,SENSOR_ID,NOW_STATE,CREATE_DATE,CHANGE_DATE) values (127,323,127,'Y',to_date('21/12/27 09:51:17','RR/MM/DD HH24:MI:SS'),to_date('21/12/27 09:51:17','RR/MM/DD HH24:MI:SS'));
Insert into ATEAM.STATE (INVENTORY_NUMBER,STORE_NUMBER,SENSOR_ID,NOW_STATE,CREATE_DATE,CHANGE_DATE) values (128,323,128,'Y',to_date('21/12/27 09:51:17','RR/MM/DD HH24:MI:SS'),to_date('21/12/27 09:51:17','RR/MM/DD HH24:MI:SS'));
Insert into ATEAM.STATE (INVENTORY_NUMBER,STORE_NUMBER,SENSOR_ID,NOW_STATE,CREATE_DATE,CHANGE_DATE) values (129,323,129,'Y',to_date('21/12/27 09:51:17','RR/MM/DD HH24:MI:SS'),to_date('21/12/27 09:51:17','RR/MM/DD HH24:MI:SS'));
Insert into ATEAM.STATE (INVENTORY_NUMBER,STORE_NUMBER,SENSOR_ID,NOW_STATE,CREATE_DATE,CHANGE_DATE) values (130,323,130,'X',to_date('21/12/27 09:51:17','RR/MM/DD HH24:MI:SS'),to_date('21/12/27 09:51:17','RR/MM/DD HH24:MI:SS'));
Insert into ATEAM.STATE (INVENTORY_NUMBER,STORE_NUMBER,SENSOR_ID,NOW_STATE,CREATE_DATE,CHANGE_DATE) values (131,323,131,'X',to_date('21/12/27 09:51:17','RR/MM/DD HH24:MI:SS'),to_date('21/12/27 09:51:17','RR/MM/DD HH24:MI:SS'));
Insert into ATEAM.STATE (INVENTORY_NUMBER,STORE_NUMBER,SENSOR_ID,NOW_STATE,CREATE_DATE,CHANGE_DATE) values (132,323,132,'X',to_date('21/12/27 09:51:17','RR/MM/DD HH24:MI:SS'),to_date('21/12/27 09:51:17','RR/MM/DD HH24:MI:SS'));
Insert into ATEAM.STATE (INVENTORY_NUMBER,STORE_NUMBER,SENSOR_ID,NOW_STATE,CREATE_DATE,CHANGE_DATE) values (133,323,133,'X',to_date('21/12/27 09:51:17','RR/MM/DD HH24:MI:SS'),to_date('21/12/27 09:51:17','RR/MM/DD HH24:MI:SS'));
Insert into ATEAM.STATE (INVENTORY_NUMBER,STORE_NUMBER,SENSOR_ID,NOW_STATE,CREATE_DATE,CHANGE_DATE) values (134,323,134,'X',to_date('21/12/27 09:51:17','RR/MM/DD HH24:MI:SS'),to_date('21/12/27 09:51:17','RR/MM/DD HH24:MI:SS'));
Insert into ATEAM.STATE (INVENTORY_NUMBER,STORE_NUMBER,SENSOR_ID,NOW_STATE,CREATE_DATE,CHANGE_DATE) values (135,323,135,'X',to_date('21/12/27 09:51:17','RR/MM/DD HH24:MI:SS'),to_date('21/12/27 09:51:17','RR/MM/DD HH24:MI:SS'));
Insert into ATEAM.STATE (INVENTORY_NUMBER,STORE_NUMBER,SENSOR_ID,NOW_STATE,CREATE_DATE,CHANGE_DATE) values (181,332,181,'Y',to_date('21/12/28 18:09:02','RR/MM/DD HH24:MI:SS'),to_date('21/12/28 18:09:02','RR/MM/DD HH24:MI:SS'));
Insert into ATEAM.STATE (INVENTORY_NUMBER,STORE_NUMBER,SENSOR_ID,NOW_STATE,CREATE_DATE,CHANGE_DATE) values (182,332,182,'Y',to_date('21/12/28 18:09:02','RR/MM/DD HH24:MI:SS'),to_date('21/12/28 18:09:02','RR/MM/DD HH24:MI:SS'));
Insert into ATEAM.STATE (INVENTORY_NUMBER,STORE_NUMBER,SENSOR_ID,NOW_STATE,CREATE_DATE,CHANGE_DATE) values (183,332,183,'Y',to_date('21/12/28 18:09:02','RR/MM/DD HH24:MI:SS'),to_date('21/12/28 18:09:02','RR/MM/DD HH24:MI:SS'));
Insert into ATEAM.STATE (INVENTORY_NUMBER,STORE_NUMBER,SENSOR_ID,NOW_STATE,CREATE_DATE,CHANGE_DATE) values (184,332,184,'Y',to_date('21/12/28 18:09:02','RR/MM/DD HH24:MI:SS'),to_date('21/12/28 18:09:02','RR/MM/DD HH24:MI:SS'));
Insert into ATEAM.STATE (INVENTORY_NUMBER,STORE_NUMBER,SENSOR_ID,NOW_STATE,CREATE_DATE,CHANGE_DATE) values (185,332,185,'Y',to_date('21/12/28 18:09:02','RR/MM/DD HH24:MI:SS'),to_date('21/12/28 18:09:02','RR/MM/DD HH24:MI:SS'));
Insert into ATEAM.STATE (INVENTORY_NUMBER,STORE_NUMBER,SENSOR_ID,NOW_STATE,CREATE_DATE,CHANGE_DATE) values (186,332,186,'Y',to_date('21/12/28 18:09:02','RR/MM/DD HH24:MI:SS'),to_date('21/12/28 18:09:02','RR/MM/DD HH24:MI:SS'));
Insert into ATEAM.STATE (INVENTORY_NUMBER,STORE_NUMBER,SENSOR_ID,NOW_STATE,CREATE_DATE,CHANGE_DATE) values (187,332,187,'Y',to_date('21/12/28 18:09:02','RR/MM/DD HH24:MI:SS'),to_date('21/12/28 18:09:02','RR/MM/DD HH24:MI:SS'));
Insert into ATEAM.STATE (INVENTORY_NUMBER,STORE_NUMBER,SENSOR_ID,NOW_STATE,CREATE_DATE,CHANGE_DATE) values (188,332,188,'Y',to_date('21/12/28 18:09:02','RR/MM/DD HH24:MI:SS'),to_date('21/12/28 18:09:02','RR/MM/DD HH24:MI:SS'));
Insert into ATEAM.STATE (INVENTORY_NUMBER,STORE_NUMBER,SENSOR_ID,NOW_STATE,CREATE_DATE,CHANGE_DATE) values (189,332,189,'X',to_date('21/12/28 18:09:02','RR/MM/DD HH24:MI:SS'),to_date('21/12/28 18:09:02','RR/MM/DD HH24:MI:SS'));
Insert into ATEAM.STATE (INVENTORY_NUMBER,STORE_NUMBER,SENSOR_ID,NOW_STATE,CREATE_DATE,CHANGE_DATE) values (154,328,154,'Y',to_date('21/12/27 10:29:21','RR/MM/DD HH24:MI:SS'),to_date('21/12/27 10:29:21','RR/MM/DD HH24:MI:SS'));
Insert into ATEAM.STATE (INVENTORY_NUMBER,STORE_NUMBER,SENSOR_ID,NOW_STATE,CREATE_DATE,CHANGE_DATE) values (155,328,155,'Y',to_date('21/12/27 10:29:21','RR/MM/DD HH24:MI:SS'),to_date('21/12/27 10:29:21','RR/MM/DD HH24:MI:SS'));
Insert into ATEAM.STATE (INVENTORY_NUMBER,STORE_NUMBER,SENSOR_ID,NOW_STATE,CREATE_DATE,CHANGE_DATE) values (156,328,156,'Y',to_date('21/12/27 10:29:21','RR/MM/DD HH24:MI:SS'),to_date('21/12/27 10:29:21','RR/MM/DD HH24:MI:SS'));
Insert into ATEAM.STATE (INVENTORY_NUMBER,STORE_NUMBER,SENSOR_ID,NOW_STATE,CREATE_DATE,CHANGE_DATE) values (157,328,157,'Y',to_date('21/12/27 10:29:21','RR/MM/DD HH24:MI:SS'),to_date('21/12/27 10:29:21','RR/MM/DD HH24:MI:SS'));
Insert into ATEAM.STATE (INVENTORY_NUMBER,STORE_NUMBER,SENSOR_ID,NOW_STATE,CREATE_DATE,CHANGE_DATE) values (158,328,158,'Y',to_date('21/12/27 10:29:21','RR/MM/DD HH24:MI:SS'),to_date('21/12/27 10:29:21','RR/MM/DD HH24:MI:SS'));
Insert into ATEAM.STATE (INVENTORY_NUMBER,STORE_NUMBER,SENSOR_ID,NOW_STATE,CREATE_DATE,CHANGE_DATE) values (159,328,159,'Y',to_date('21/12/27 10:29:21','RR/MM/DD HH24:MI:SS'),to_date('21/12/27 10:29:21','RR/MM/DD HH24:MI:SS'));
Insert into ATEAM.STATE (INVENTORY_NUMBER,STORE_NUMBER,SENSOR_ID,NOW_STATE,CREATE_DATE,CHANGE_DATE) values (160,328,160,'Y',to_date('21/12/27 10:29:21','RR/MM/DD HH24:MI:SS'),to_date('21/12/27 10:29:21','RR/MM/DD HH24:MI:SS'));
Insert into ATEAM.STATE (INVENTORY_NUMBER,STORE_NUMBER,SENSOR_ID,NOW_STATE,CREATE_DATE,CHANGE_DATE) values (161,328,161,'Y',to_date('21/12/27 10:29:21','RR/MM/DD HH24:MI:SS'),to_date('21/12/27 10:29:21','RR/MM/DD HH24:MI:SS'));
Insert into ATEAM.STATE (INVENTORY_NUMBER,STORE_NUMBER,SENSOR_ID,NOW_STATE,CREATE_DATE,CHANGE_DATE) values (162,328,162,'X',to_date('21/12/27 10:29:21','RR/MM/DD HH24:MI:SS'),to_date('21/12/27 10:29:21','RR/MM/DD HH24:MI:SS'));
REM INSERTING into ATEAM.STATE_LOG
SET DEFINE OFF;
Insert into ATEAM.STATE_LOG (LOG_ID,INVENTORY_NUMBER,STORE_NUMBER,SENSOR_ID,LOG,IN_OUT) values (6410,165,329,165,to_date('21/12/28 12:24:02','RR/MM/DD HH24:MI:SS'),'O');
Insert into ATEAM.STATE_LOG (LOG_ID,INVENTORY_NUMBER,STORE_NUMBER,SENSOR_ID,LOG,IN_OUT) values (6411,163,329,163,to_date('21/12/28 12:28:10','RR/MM/DD HH24:MI:SS'),'O');
Insert into ATEAM.STATE_LOG (LOG_ID,INVENTORY_NUMBER,STORE_NUMBER,SENSOR_ID,LOG,IN_OUT) values (6412,164,329,164,to_date('21/12/28 12:28:10','RR/MM/DD HH24:MI:SS'),'O');
Insert into ATEAM.STATE_LOG (LOG_ID,INVENTORY_NUMBER,STORE_NUMBER,SENSOR_ID,LOG,IN_OUT) values (6413,165,329,165,to_date('21/12/28 12:28:10','RR/MM/DD HH24:MI:SS'),'O');
Insert into ATEAM.STATE_LOG (LOG_ID,INVENTORY_NUMBER,STORE_NUMBER,SENSOR_ID,LOG,IN_OUT) values (6414,163,329,163,to_date('21/12/28 12:28:21','RR/MM/DD HH24:MI:SS'),'O');
Insert into ATEAM.STATE_LOG (LOG_ID,INVENTORY_NUMBER,STORE_NUMBER,SENSOR_ID,LOG,IN_OUT) values (6415,164,329,164,to_date('21/12/28 12:28:21','RR/MM/DD HH24:MI:SS'),'O');
Insert into ATEAM.STATE_LOG (LOG_ID,INVENTORY_NUMBER,STORE_NUMBER,SENSOR_ID,LOG,IN_OUT) values (6416,165,329,165,to_date('21/12/28 12:28:21','RR/MM/DD HH24:MI:SS'),'O');
Insert into ATEAM.STATE_LOG (LOG_ID,INVENTORY_NUMBER,STORE_NUMBER,SENSOR_ID,LOG,IN_OUT) values (6417,163,329,163,to_date('21/12/28 12:28:32','RR/MM/DD HH24:MI:SS'),'O');
Insert into ATEAM.STATE_LOG (LOG_ID,INVENTORY_NUMBER,STORE_NUMBER,SENSOR_ID,LOG,IN_OUT) values (6418,164,329,164,to_date('21/12/28 12:28:32','RR/MM/DD HH24:MI:SS'),'O');
Insert into ATEAM.STATE_LOG (LOG_ID,INVENTORY_NUMBER,STORE_NUMBER,SENSOR_ID,LOG,IN_OUT) values (6419,165,329,165,to_date('21/12/28 12:28:32','RR/MM/DD HH24:MI:SS'),'O');
Insert into ATEAM.STATE_LOG (LOG_ID,INVENTORY_NUMBER,STORE_NUMBER,SENSOR_ID,LOG,IN_OUT) values (6420,163,329,163,to_date('21/12/28 12:30:10','RR/MM/DD HH24:MI:SS'),'O');
Insert into ATEAM.STATE_LOG (LOG_ID,INVENTORY_NUMBER,STORE_NUMBER,SENSOR_ID,LOG,IN_OUT) values (6421,164,329,164,to_date('21/12/28 12:30:10','RR/MM/DD HH24:MI:SS'),'O');
Insert into ATEAM.STATE_LOG (LOG_ID,INVENTORY_NUMBER,STORE_NUMBER,SENSOR_ID,LOG,IN_OUT) values (6422,165,329,165,to_date('21/12/28 12:30:10','RR/MM/DD HH24:MI:SS'),'O');
Insert into ATEAM.STATE_LOG (LOG_ID,INVENTORY_NUMBER,STORE_NUMBER,SENSOR_ID,LOG,IN_OUT) values (6423,163,329,163,to_date('21/12/28 12:30:22','RR/MM/DD HH24:MI:SS'),'O');
Insert into ATEAM.STATE_LOG (LOG_ID,INVENTORY_NUMBER,STORE_NUMBER,SENSOR_ID,LOG,IN_OUT) values (6424,164,329,164,to_date('21/12/28 12:30:22','RR/MM/DD HH24:MI:SS'),'O');
Insert into ATEAM.STATE_LOG (LOG_ID,INVENTORY_NUMBER,STORE_NUMBER,SENSOR_ID,LOG,IN_OUT) values (6425,165,329,165,to_date('21/12/28 12:30:22','RR/MM/DD HH24:MI:SS'),'O');
Insert into ATEAM.STATE_LOG (LOG_ID,INVENTORY_NUMBER,STORE_NUMBER,SENSOR_ID,LOG,IN_OUT) values (6426,163,329,163,to_date('21/12/28 12:30:32','RR/MM/DD HH24:MI:SS'),'O');
Insert into ATEAM.STATE_LOG (LOG_ID,INVENTORY_NUMBER,STORE_NUMBER,SENSOR_ID,LOG,IN_OUT) values (6427,164,329,164,to_date('21/12/28 12:30:32','RR/MM/DD HH24:MI:SS'),'O');
Insert into ATEAM.STATE_LOG (LOG_ID,INVENTORY_NUMBER,STORE_NUMBER,SENSOR_ID,LOG,IN_OUT) values (6428,165,329,165,to_date('21/12/28 12:30:32','RR/MM/DD HH24:MI:SS'),'O');
Insert into ATEAM.STATE_LOG (LOG_ID,INVENTORY_NUMBER,STORE_NUMBER,SENSOR_ID,LOG,IN_OUT) values (6429,163,329,163,to_date('21/12/28 12:30:43','RR/MM/DD HH24:MI:SS'),'O');
Insert into ATEAM.STATE_LOG (LOG_ID,INVENTORY_NUMBER,STORE_NUMBER,SENSOR_ID,LOG,IN_OUT) values (6430,164,329,164,to_date('21/12/28 12:30:43','RR/MM/DD HH24:MI:SS'),'O');
Insert into ATEAM.STATE_LOG (LOG_ID,INVENTORY_NUMBER,STORE_NUMBER,SENSOR_ID,LOG,IN_OUT) values (6431,165,329,165,to_date('21/12/28 12:30:43','RR/MM/DD HH24:MI:SS'),'O');
Insert into ATEAM.STATE_LOG (LOG_ID,INVENTORY_NUMBER,STORE_NUMBER,SENSOR_ID,LOG,IN_OUT) values (6432,163,329,163,to_date('21/12/28 12:30:59','RR/MM/DD HH24:MI:SS'),'O');
Insert into ATEAM.STATE_LOG (LOG_ID,INVENTORY_NUMBER,STORE_NUMBER,SENSOR_ID,LOG,IN_OUT) values (6433,164,329,164,to_date('21/12/28 12:30:59','RR/MM/DD HH24:MI:SS'),'O');
Insert into ATEAM.STATE_LOG (LOG_ID,INVENTORY_NUMBER,STORE_NUMBER,SENSOR_ID,LOG,IN_OUT) values (6434,165,329,165,to_date('21/12/28 12:30:59','RR/MM/DD HH24:MI:SS'),'O');
Insert into ATEAM.STATE_LOG (LOG_ID,INVENTORY_NUMBER,STORE_NUMBER,SENSOR_ID,LOG,IN_OUT) values (6435,163,329,163,to_date('21/12/28 12:31:10','RR/MM/DD HH24:MI:SS'),'O');
Insert into ATEAM.STATE_LOG (LOG_ID,INVENTORY_NUMBER,STORE_NUMBER,SENSOR_ID,LOG,IN_OUT) values (6436,164,329,164,to_date('21/12/28 12:31:10','RR/MM/DD HH24:MI:SS'),'O');
Insert into ATEAM.STATE_LOG (LOG_ID,INVENTORY_NUMBER,STORE_NUMBER,SENSOR_ID,LOG,IN_OUT) values (6437,165,329,165,to_date('21/12/28 12:31:10','RR/MM/DD HH24:MI:SS'),'O');
Insert into ATEAM.STATE_LOG (LOG_ID,INVENTORY_NUMBER,STORE_NUMBER,SENSOR_ID,LOG,IN_OUT) values (6438,163,329,163,to_date('21/12/28 12:31:21','RR/MM/DD HH24:MI:SS'),'O');
Insert into ATEAM.STATE_LOG (LOG_ID,INVENTORY_NUMBER,STORE_NUMBER,SENSOR_ID,LOG,IN_OUT) values (6439,164,329,164,to_date('21/12/28 12:31:21','RR/MM/DD HH24:MI:SS'),'O');
Insert into ATEAM.STATE_LOG (LOG_ID,INVENTORY_NUMBER,STORE_NUMBER,SENSOR_ID,LOG,IN_OUT) values (6440,165,329,165,to_date('21/12/28 12:31:21','RR/MM/DD HH24:MI:SS'),'O');
Insert into ATEAM.STATE_LOG (LOG_ID,INVENTORY_NUMBER,STORE_NUMBER,SENSOR_ID,LOG,IN_OUT) values (6441,163,329,163,to_date('21/12/28 12:31:44','RR/MM/DD HH24:MI:SS'),'O');
Insert into ATEAM.STATE_LOG (LOG_ID,INVENTORY_NUMBER,STORE_NUMBER,SENSOR_ID,LOG,IN_OUT) values (6442,164,329,164,to_date('21/12/28 12:31:44','RR/MM/DD HH24:MI:SS'),'O');
Insert into ATEAM.STATE_LOG (LOG_ID,INVENTORY_NUMBER,STORE_NUMBER,SENSOR_ID,LOG,IN_OUT) values (6443,165,329,165,to_date('21/12/28 12:31:44','RR/MM/DD HH24:MI:SS'),'O');
Insert into ATEAM.STATE_LOG (LOG_ID,INVENTORY_NUMBER,STORE_NUMBER,SENSOR_ID,LOG,IN_OUT) values (6444,163,329,163,to_date('21/12/28 12:31:54','RR/MM/DD HH24:MI:SS'),'O');
Insert into ATEAM.STATE_LOG (LOG_ID,INVENTORY_NUMBER,STORE_NUMBER,SENSOR_ID,LOG,IN_OUT) values (6445,164,329,164,to_date('21/12/28 12:31:54','RR/MM/DD HH24:MI:SS'),'O');
Insert into ATEAM.STATE_LOG (LOG_ID,INVENTORY_NUMBER,STORE_NUMBER,SENSOR_ID,LOG,IN_OUT) values (6446,165,329,165,to_date('21/12/28 12:31:54','RR/MM/DD HH24:MI:SS'),'O');
Insert into ATEAM.STATE_LOG (LOG_ID,INVENTORY_NUMBER,STORE_NUMBER,SENSOR_ID,LOG,IN_OUT) values (6447,163,329,163,to_date('21/12/28 12:32:38','RR/MM/DD HH24:MI:SS'),'O');
Insert into ATEAM.STATE_LOG (LOG_ID,INVENTORY_NUMBER,STORE_NUMBER,SENSOR_ID,LOG,IN_OUT) values (6448,164,329,164,to_date('21/12/28 12:32:38','RR/MM/DD HH24:MI:SS'),'O');
Insert into ATEAM.STATE_LOG (LOG_ID,INVENTORY_NUMBER,STORE_NUMBER,SENSOR_ID,LOG,IN_OUT) values (6449,165,329,165,to_date('21/12/28 12:32:38','RR/MM/DD HH24:MI:SS'),'O');
Insert into ATEAM.STATE_LOG (LOG_ID,INVENTORY_NUMBER,STORE_NUMBER,SENSOR_ID,LOG,IN_OUT) values (6450,163,329,163,to_date('21/12/28 12:32:49','RR/MM/DD HH24:MI:SS'),'O');
Insert into ATEAM.STATE_LOG (LOG_ID,INVENTORY_NUMBER,STORE_NUMBER,SENSOR_ID,LOG,IN_OUT) values (6451,164,329,164,to_date('21/12/28 12:32:49','RR/MM/DD HH24:MI:SS'),'O');
Insert into ATEAM.STATE_LOG (LOG_ID,INVENTORY_NUMBER,STORE_NUMBER,SENSOR_ID,LOG,IN_OUT) values (6452,165,329,165,to_date('21/12/28 12:32:49','RR/MM/DD HH24:MI:SS'),'O');
Insert into ATEAM.STATE_LOG (LOG_ID,INVENTORY_NUMBER,STORE_NUMBER,SENSOR_ID,LOG,IN_OUT) values (6453,163,329,163,to_date('21/12/28 12:33:00','RR/MM/DD HH24:MI:SS'),'O');
Insert into ATEAM.STATE_LOG (LOG_ID,INVENTORY_NUMBER,STORE_NUMBER,SENSOR_ID,LOG,IN_OUT) values (6454,164,329,164,to_date('21/12/28 12:33:00','RR/MM/DD HH24:MI:SS'),'O');
Insert into ATEAM.STATE_LOG (LOG_ID,INVENTORY_NUMBER,STORE_NUMBER,SENSOR_ID,LOG,IN_OUT) values (6455,165,329,165,to_date('21/12/28 12:33:00','RR/MM/DD HH24:MI:SS'),'O');
Insert into ATEAM.STATE_LOG (LOG_ID,INVENTORY_NUMBER,STORE_NUMBER,SENSOR_ID,LOG,IN_OUT) values (6456,163,329,163,to_date('21/12/28 12:33:38','RR/MM/DD HH24:MI:SS'),'O');
Insert into ATEAM.STATE_LOG (LOG_ID,INVENTORY_NUMBER,STORE_NUMBER,SENSOR_ID,LOG,IN_OUT) values (6457,164,329,164,to_date('21/12/28 12:33:38','RR/MM/DD HH24:MI:SS'),'O');
Insert into ATEAM.STATE_LOG (LOG_ID,INVENTORY_NUMBER,STORE_NUMBER,SENSOR_ID,LOG,IN_OUT) values (6458,165,329,165,to_date('21/12/28 12:33:38','RR/MM/DD HH24:MI:SS'),'O');
Insert into ATEAM.STATE_LOG (LOG_ID,INVENTORY_NUMBER,STORE_NUMBER,SENSOR_ID,LOG,IN_OUT) values (6459,163,329,163,to_date('21/12/28 12:34:06','RR/MM/DD HH24:MI:SS'),'O');
Insert into ATEAM.STATE_LOG (LOG_ID,INVENTORY_NUMBER,STORE_NUMBER,SENSOR_ID,LOG,IN_OUT) values (6460,164,329,164,to_date('21/12/28 12:34:06','RR/MM/DD HH24:MI:SS'),'O');
Insert into ATEAM.STATE_LOG (LOG_ID,INVENTORY_NUMBER,STORE_NUMBER,SENSOR_ID,LOG,IN_OUT) values (6461,165,329,165,to_date('21/12/28 12:34:06','RR/MM/DD HH24:MI:SS'),'O');
Insert into ATEAM.STATE_LOG (LOG_ID,INVENTORY_NUMBER,STORE_NUMBER,SENSOR_ID,LOG,IN_OUT) values (6462,163,329,163,to_date('21/12/28 12:34:49','RR/MM/DD HH24:MI:SS'),'O');
Insert into ATEAM.STATE_LOG (LOG_ID,INVENTORY_NUMBER,STORE_NUMBER,SENSOR_ID,LOG,IN_OUT) values (6463,164,329,164,to_date('21/12/28 12:34:49','RR/MM/DD HH24:MI:SS'),'O');
Insert into ATEAM.STATE_LOG (LOG_ID,INVENTORY_NUMBER,STORE_NUMBER,SENSOR_ID,LOG,IN_OUT) values (6464,165,329,165,to_date('21/12/28 12:34:49','RR/MM/DD HH24:MI:SS'),'O');
Insert into ATEAM.STATE_LOG (LOG_ID,INVENTORY_NUMBER,STORE_NUMBER,SENSOR_ID,LOG,IN_OUT) values (6465,163,329,163,to_date('21/12/28 12:35:00','RR/MM/DD HH24:MI:SS'),'O');
Insert into ATEAM.STATE_LOG (LOG_ID,INVENTORY_NUMBER,STORE_NUMBER,SENSOR_ID,LOG,IN_OUT) values (6466,164,329,164,to_date('21/12/28 12:35:00','RR/MM/DD HH24:MI:SS'),'O');
Insert into ATEAM.STATE_LOG (LOG_ID,INVENTORY_NUMBER,STORE_NUMBER,SENSOR_ID,LOG,IN_OUT) values (6467,165,329,165,to_date('21/12/28 12:35:00','RR/MM/DD HH24:MI:SS'),'O');
Insert into ATEAM.STATE_LOG (LOG_ID,INVENTORY_NUMBER,STORE_NUMBER,SENSOR_ID,LOG,IN_OUT) values (6468,163,329,163,to_date('21/12/28 12:36:00','RR/MM/DD HH24:MI:SS'),'O');
Insert into ATEAM.STATE_LOG (LOG_ID,INVENTORY_NUMBER,STORE_NUMBER,SENSOR_ID,LOG,IN_OUT) values (6469,164,329,164,to_date('21/12/28 12:36:00','RR/MM/DD HH24:MI:SS'),'O');
Insert into ATEAM.STATE_LOG (LOG_ID,INVENTORY_NUMBER,STORE_NUMBER,SENSOR_ID,LOG,IN_OUT) values (6470,165,329,165,to_date('21/12/28 12:36:00','RR/MM/DD HH24:MI:SS'),'O');
Insert into ATEAM.STATE_LOG (LOG_ID,INVENTORY_NUMBER,STORE_NUMBER,SENSOR_ID,LOG,IN_OUT) values (6471,163,329,163,to_date('21/12/28 12:36:11','RR/MM/DD HH24:MI:SS'),'O');
Insert into ATEAM.STATE_LOG (LOG_ID,INVENTORY_NUMBER,STORE_NUMBER,SENSOR_ID,LOG,IN_OUT) values (6472,164,329,164,to_date('21/12/28 12:36:11','RR/MM/DD HH24:MI:SS'),'O');
Insert into ATEAM.STATE_LOG (LOG_ID,INVENTORY_NUMBER,STORE_NUMBER,SENSOR_ID,LOG,IN_OUT) values (6473,165,329,165,to_date('21/12/28 12:36:11','RR/MM/DD HH24:MI:SS'),'O');
Insert into ATEAM.STATE_LOG (LOG_ID,INVENTORY_NUMBER,STORE_NUMBER,SENSOR_ID,LOG,IN_OUT) values (6474,163,329,163,to_date('21/12/28 12:36:22','RR/MM/DD HH24:MI:SS'),'O');
Insert into ATEAM.STATE_LOG (LOG_ID,INVENTORY_NUMBER,STORE_NUMBER,SENSOR_ID,LOG,IN_OUT) values (6475,164,329,164,to_date('21/12/28 12:36:22','RR/MM/DD HH24:MI:SS'),'O');
Insert into ATEAM.STATE_LOG (LOG_ID,INVENTORY_NUMBER,STORE_NUMBER,SENSOR_ID,LOG,IN_OUT) values (6476,165,329,165,to_date('21/12/28 12:36:22','RR/MM/DD HH24:MI:SS'),'O');
Insert into ATEAM.STATE_LOG (LOG_ID,INVENTORY_NUMBER,STORE_NUMBER,SENSOR_ID,LOG,IN_OUT) values (6477,163,329,163,to_date('21/12/28 12:36:38','RR/MM/DD HH24:MI:SS'),'O');
Insert into ATEAM.STATE_LOG (LOG_ID,INVENTORY_NUMBER,STORE_NUMBER,SENSOR_ID,LOG,IN_OUT) values (6478,164,329,164,to_date('21/12/28 12:36:38','RR/MM/DD HH24:MI:SS'),'O');
Insert into ATEAM.STATE_LOG (LOG_ID,INVENTORY_NUMBER,STORE_NUMBER,SENSOR_ID,LOG,IN_OUT) values (6479,165,329,165,to_date('21/12/28 12:36:38','RR/MM/DD HH24:MI:SS'),'O');
Insert into ATEAM.STATE_LOG (LOG_ID,INVENTORY_NUMBER,STORE_NUMBER,SENSOR_ID,LOG,IN_OUT) values (6480,163,329,163,to_date('21/12/28 12:37:22','RR/MM/DD HH24:MI:SS'),'O');
Insert into ATEAM.STATE_LOG (LOG_ID,INVENTORY_NUMBER,STORE_NUMBER,SENSOR_ID,LOG,IN_OUT) values (6481,164,329,164,to_date('21/12/28 12:37:22','RR/MM/DD HH24:MI:SS'),'O');
Insert into ATEAM.STATE_LOG (LOG_ID,INVENTORY_NUMBER,STORE_NUMBER,SENSOR_ID,LOG,IN_OUT) values (6482,165,329,165,to_date('21/12/28 12:37:22','RR/MM/DD HH24:MI:SS'),'O');
Insert into ATEAM.STATE_LOG (LOG_ID,INVENTORY_NUMBER,STORE_NUMBER,SENSOR_ID,LOG,IN_OUT) values (6483,163,329,163,to_date('21/12/28 12:37:39','RR/MM/DD HH24:MI:SS'),'O');
Insert into ATEAM.STATE_LOG (LOG_ID,INVENTORY_NUMBER,STORE_NUMBER,SENSOR_ID,LOG,IN_OUT) values (6484,164,329,164,to_date('21/12/28 12:37:39','RR/MM/DD HH24:MI:SS'),'O');
Insert into ATEAM.STATE_LOG (LOG_ID,INVENTORY_NUMBER,STORE_NUMBER,SENSOR_ID,LOG,IN_OUT) values (6485,165,329,165,to_date('21/12/28 12:37:39','RR/MM/DD HH24:MI:SS'),'O');
Insert into ATEAM.STATE_LOG (LOG_ID,INVENTORY_NUMBER,STORE_NUMBER,SENSOR_ID,LOG,IN_OUT) values (6486,163,329,163,to_date('21/12/28 12:37:50','RR/MM/DD HH24:MI:SS'),'O');
Insert into ATEAM.STATE_LOG (LOG_ID,INVENTORY_NUMBER,STORE_NUMBER,SENSOR_ID,LOG,IN_OUT) values (6487,164,329,164,to_date('21/12/28 12:37:50','RR/MM/DD HH24:MI:SS'),'O');
Insert into ATEAM.STATE_LOG (LOG_ID,INVENTORY_NUMBER,STORE_NUMBER,SENSOR_ID,LOG,IN_OUT) values (6488,165,329,165,to_date('21/12/28 12:37:50','RR/MM/DD HH24:MI:SS'),'O');
Insert into ATEAM.STATE_LOG (LOG_ID,INVENTORY_NUMBER,STORE_NUMBER,SENSOR_ID,LOG,IN_OUT) values (6489,163,329,163,to_date('21/12/28 12:39:06','RR/MM/DD HH24:MI:SS'),'O');
Insert into ATEAM.STATE_LOG (LOG_ID,INVENTORY_NUMBER,STORE_NUMBER,SENSOR_ID,LOG,IN_OUT) values (6490,164,329,164,to_date('21/12/28 12:39:06','RR/MM/DD HH24:MI:SS'),'O');
Insert into ATEAM.STATE_LOG (LOG_ID,INVENTORY_NUMBER,STORE_NUMBER,SENSOR_ID,LOG,IN_OUT) values (6491,165,329,165,to_date('21/12/28 12:39:06','RR/MM/DD HH24:MI:SS'),'O');
Insert into ATEAM.STATE_LOG (LOG_ID,INVENTORY_NUMBER,STORE_NUMBER,SENSOR_ID,LOG,IN_OUT) values (6492,163,329,163,to_date('21/12/28 12:39:17','RR/MM/DD HH24:MI:SS'),'O');
Insert into ATEAM.STATE_LOG (LOG_ID,INVENTORY_NUMBER,STORE_NUMBER,SENSOR_ID,LOG,IN_OUT) values (6493,164,329,164,to_date('21/12/28 12:39:17','RR/MM/DD HH24:MI:SS'),'O');
Insert into ATEAM.STATE_LOG (LOG_ID,INVENTORY_NUMBER,STORE_NUMBER,SENSOR_ID,LOG,IN_OUT) values (6494,165,329,165,to_date('21/12/28 12:39:17','RR/MM/DD HH24:MI:SS'),'O');
Insert into ATEAM.STATE_LOG (LOG_ID,INVENTORY_NUMBER,STORE_NUMBER,SENSOR_ID,LOG,IN_OUT) values (6495,163,329,163,to_date('21/12/28 12:40:00','RR/MM/DD HH24:MI:SS'),'O');
Insert into ATEAM.STATE_LOG (LOG_ID,INVENTORY_NUMBER,STORE_NUMBER,SENSOR_ID,LOG,IN_OUT) values (6496,164,329,164,to_date('21/12/28 12:40:00','RR/MM/DD HH24:MI:SS'),'O');
Insert into ATEAM.STATE_LOG (LOG_ID,INVENTORY_NUMBER,STORE_NUMBER,SENSOR_ID,LOG,IN_OUT) values (6497,165,329,165,to_date('21/12/28 12:40:00','RR/MM/DD HH24:MI:SS'),'O');
Insert into ATEAM.STATE_LOG (LOG_ID,INVENTORY_NUMBER,STORE_NUMBER,SENSOR_ID,LOG,IN_OUT) values (6498,163,329,163,to_date('21/12/28 12:40:39','RR/MM/DD HH24:MI:SS'),'O');
Insert into ATEAM.STATE_LOG (LOG_ID,INVENTORY_NUMBER,STORE_NUMBER,SENSOR_ID,LOG,IN_OUT) values (6499,164,329,164,to_date('21/12/28 12:40:39','RR/MM/DD HH24:MI:SS'),'O');
Insert into ATEAM.STATE_LOG (LOG_ID,INVENTORY_NUMBER,STORE_NUMBER,SENSOR_ID,LOG,IN_OUT) values (6500,165,329,165,to_date('21/12/28 12:40:39','RR/MM/DD HH24:MI:SS'),'O');
Insert into ATEAM.STATE_LOG (LOG_ID,INVENTORY_NUMBER,STORE_NUMBER,SENSOR_ID,LOG,IN_OUT) values (6501,163,329,163,to_date('21/12/28 12:41:11','RR/MM/DD HH24:MI:SS'),'O');
Insert into ATEAM.STATE_LOG (LOG_ID,INVENTORY_NUMBER,STORE_NUMBER,SENSOR_ID,LOG,IN_OUT) values (6502,164,329,164,to_date('21/12/28 12:41:11','RR/MM/DD HH24:MI:SS'),'O');
Insert into ATEAM.STATE_LOG (LOG_ID,INVENTORY_NUMBER,STORE_NUMBER,SENSOR_ID,LOG,IN_OUT) values (6503,165,329,165,to_date('21/12/28 12:41:11','RR/MM/DD HH24:MI:SS'),'O');
Insert into ATEAM.STATE_LOG (LOG_ID,INVENTORY_NUMBER,STORE_NUMBER,SENSOR_ID,LOG,IN_OUT) values (6504,163,329,163,to_date('21/12/28 12:42:11','RR/MM/DD HH24:MI:SS'),'O');
Insert into ATEAM.STATE_LOG (LOG_ID,INVENTORY_NUMBER,STORE_NUMBER,SENSOR_ID,LOG,IN_OUT) values (6505,164,329,164,to_date('21/12/28 12:42:11','RR/MM/DD HH24:MI:SS'),'O');
Insert into ATEAM.STATE_LOG (LOG_ID,INVENTORY_NUMBER,STORE_NUMBER,SENSOR_ID,LOG,IN_OUT) values (6506,165,329,165,to_date('21/12/28 12:42:11','RR/MM/DD HH24:MI:SS'),'O');
Insert into ATEAM.STATE_LOG (LOG_ID,INVENTORY_NUMBER,STORE_NUMBER,SENSOR_ID,LOG,IN_OUT) values (6507,163,329,163,to_date('21/12/28 12:42:22','RR/MM/DD HH24:MI:SS'),'O');
Insert into ATEAM.STATE_LOG (LOG_ID,INVENTORY_NUMBER,STORE_NUMBER,SENSOR_ID,LOG,IN_OUT) values (6508,164,329,164,to_date('21/12/28 12:42:22','RR/MM/DD HH24:MI:SS'),'O');
Insert into ATEAM.STATE_LOG (LOG_ID,INVENTORY_NUMBER,STORE_NUMBER,SENSOR_ID,LOG,IN_OUT) values (6509,165,329,165,to_date('21/12/28 12:42:22','RR/MM/DD HH24:MI:SS'),'O');
Insert into ATEAM.STATE_LOG (LOG_ID,INVENTORY_NUMBER,STORE_NUMBER,SENSOR_ID,LOG,IN_OUT) values (6510,163,329,163,to_date('21/12/28 12:43:17','RR/MM/DD HH24:MI:SS'),'O');
Insert into ATEAM.STATE_LOG (LOG_ID,INVENTORY_NUMBER,STORE_NUMBER,SENSOR_ID,LOG,IN_OUT) values (6511,164,329,164,to_date('21/12/28 12:43:17','RR/MM/DD HH24:MI:SS'),'O');
Insert into ATEAM.STATE_LOG (LOG_ID,INVENTORY_NUMBER,STORE_NUMBER,SENSOR_ID,LOG,IN_OUT) values (6512,165,329,165,to_date('21/12/28 12:43:17','RR/MM/DD HH24:MI:SS'),'O');
Insert into ATEAM.STATE_LOG (LOG_ID,INVENTORY_NUMBER,STORE_NUMBER,SENSOR_ID,LOG,IN_OUT) values (6513,163,329,163,to_date('21/12/28 12:43:49','RR/MM/DD HH24:MI:SS'),'O');
Insert into ATEAM.STATE_LOG (LOG_ID,INVENTORY_NUMBER,STORE_NUMBER,SENSOR_ID,LOG,IN_OUT) values (6514,164,329,164,to_date('21/12/28 12:43:49','RR/MM/DD HH24:MI:SS'),'O');
Insert into ATEAM.STATE_LOG (LOG_ID,INVENTORY_NUMBER,STORE_NUMBER,SENSOR_ID,LOG,IN_OUT) values (6515,165,329,165,to_date('21/12/28 12:43:49','RR/MM/DD HH24:MI:SS'),'O');
Insert into ATEAM.STATE_LOG (LOG_ID,INVENTORY_NUMBER,STORE_NUMBER,SENSOR_ID,LOG,IN_OUT) values (6516,163,329,163,to_date('21/12/28 12:44:00','RR/MM/DD HH24:MI:SS'),'O');
Insert into ATEAM.STATE_LOG (LOG_ID,INVENTORY_NUMBER,STORE_NUMBER,SENSOR_ID,LOG,IN_OUT) values (6517,164,329,164,to_date('21/12/28 12:44:00','RR/MM/DD HH24:MI:SS'),'O');
Insert into ATEAM.STATE_LOG (LOG_ID,INVENTORY_NUMBER,STORE_NUMBER,SENSOR_ID,LOG,IN_OUT) values (6518,165,329,165,to_date('21/12/28 12:44:00','RR/MM/DD HH24:MI:SS'),'O');
Insert into ATEAM.STATE_LOG (LOG_ID,INVENTORY_NUMBER,STORE_NUMBER,SENSOR_ID,LOG,IN_OUT) values (6519,163,329,163,to_date('21/12/28 12:44:11','RR/MM/DD HH24:MI:SS'),'O');
Insert into ATEAM.STATE_LOG (LOG_ID,INVENTORY_NUMBER,STORE_NUMBER,SENSOR_ID,LOG,IN_OUT) values (6520,164,329,164,to_date('21/12/28 12:44:11','RR/MM/DD HH24:MI:SS'),'O');
Insert into ATEAM.STATE_LOG (LOG_ID,INVENTORY_NUMBER,STORE_NUMBER,SENSOR_ID,LOG,IN_OUT) values (6521,165,329,165,to_date('21/12/28 12:44:11','RR/MM/DD HH24:MI:SS'),'O');
Insert into ATEAM.STATE_LOG (LOG_ID,INVENTORY_NUMBER,STORE_NUMBER,SENSOR_ID,LOG,IN_OUT) values (6522,163,329,163,to_date('21/12/28 12:44:22','RR/MM/DD HH24:MI:SS'),'O');
Insert into ATEAM.STATE_LOG (LOG_ID,INVENTORY_NUMBER,STORE_NUMBER,SENSOR_ID,LOG,IN_OUT) values (6523,164,329,164,to_date('21/12/28 12:44:22','RR/MM/DD HH24:MI:SS'),'O');
Insert into ATEAM.STATE_LOG (LOG_ID,INVENTORY_NUMBER,STORE_NUMBER,SENSOR_ID,LOG,IN_OUT) values (6524,165,329,165,to_date('21/12/28 12:44:22','RR/MM/DD HH24:MI:SS'),'O');
Insert into ATEAM.STATE_LOG (LOG_ID,INVENTORY_NUMBER,STORE_NUMBER,SENSOR_ID,LOG,IN_OUT) values (6525,163,329,163,to_date('21/12/28 12:44:33','RR/MM/DD HH24:MI:SS'),'O');
Insert into ATEAM.STATE_LOG (LOG_ID,INVENTORY_NUMBER,STORE_NUMBER,SENSOR_ID,LOG,IN_OUT) values (6526,164,329,164,to_date('21/12/28 12:44:33','RR/MM/DD HH24:MI:SS'),'O');
Insert into ATEAM.STATE_LOG (LOG_ID,INVENTORY_NUMBER,STORE_NUMBER,SENSOR_ID,LOG,IN_OUT) values (6527,165,329,165,to_date('21/12/28 12:44:33','RR/MM/DD HH24:MI:SS'),'O');
Insert into ATEAM.STATE_LOG (LOG_ID,INVENTORY_NUMBER,STORE_NUMBER,SENSOR_ID,LOG,IN_OUT) values (6528,163,329,163,to_date('21/12/28 12:44:44','RR/MM/DD HH24:MI:SS'),'O');
Insert into ATEAM.STATE_LOG (LOG_ID,INVENTORY_NUMBER,STORE_NUMBER,SENSOR_ID,LOG,IN_OUT) values (6529,164,329,164,to_date('21/12/28 12:44:44','RR/MM/DD HH24:MI:SS'),'O');
Insert into ATEAM.STATE_LOG (LOG_ID,INVENTORY_NUMBER,STORE_NUMBER,SENSOR_ID,LOG,IN_OUT) values (6530,165,329,165,to_date('21/12/28 12:44:44','RR/MM/DD HH24:MI:SS'),'O');
Insert into ATEAM.STATE_LOG (LOG_ID,INVENTORY_NUMBER,STORE_NUMBER,SENSOR_ID,LOG,IN_OUT) values (6531,163,329,163,to_date('21/12/28 12:44:55','RR/MM/DD HH24:MI:SS'),'O');
Insert into ATEAM.STATE_LOG (LOG_ID,INVENTORY_NUMBER,STORE_NUMBER,SENSOR_ID,LOG,IN_OUT) values (6532,164,329,164,to_date('21/12/28 12:44:55','RR/MM/DD HH24:MI:SS'),'O');
Insert into ATEAM.STATE_LOG (LOG_ID,INVENTORY_NUMBER,STORE_NUMBER,SENSOR_ID,LOG,IN_OUT) values (6533,165,329,165,to_date('21/12/28 12:44:55','RR/MM/DD HH24:MI:SS'),'O');
Insert into ATEAM.STATE_LOG (LOG_ID,INVENTORY_NUMBER,STORE_NUMBER,SENSOR_ID,LOG,IN_OUT) values (6534,163,329,163,to_date('21/12/28 12:45:06','RR/MM/DD HH24:MI:SS'),'O');
Insert into ATEAM.STATE_LOG (LOG_ID,INVENTORY_NUMBER,STORE_NUMBER,SENSOR_ID,LOG,IN_OUT) values (6535,164,329,164,to_date('21/12/28 12:45:06','RR/MM/DD HH24:MI:SS'),'O');
Insert into ATEAM.STATE_LOG (LOG_ID,INVENTORY_NUMBER,STORE_NUMBER,SENSOR_ID,LOG,IN_OUT) values (6536,165,329,165,to_date('21/12/28 12:45:06','RR/MM/DD HH24:MI:SS'),'O');
Insert into ATEAM.STATE_LOG (LOG_ID,INVENTORY_NUMBER,STORE_NUMBER,SENSOR_ID,LOG,IN_OUT) values (6537,163,329,163,to_date('21/12/28 12:45:23','RR/MM/DD HH24:MI:SS'),'O');
Insert into ATEAM.STATE_LOG (LOG_ID,INVENTORY_NUMBER,STORE_NUMBER,SENSOR_ID,LOG,IN_OUT) values (6538,164,329,164,to_date('21/12/28 12:45:23','RR/MM/DD HH24:MI:SS'),'O');
Insert into ATEAM.STATE_LOG (LOG_ID,INVENTORY_NUMBER,STORE_NUMBER,SENSOR_ID,LOG,IN_OUT) values (6539,165,329,165,to_date('21/12/28 12:45:23','RR/MM/DD HH24:MI:SS'),'O');
Insert into ATEAM.STATE_LOG (LOG_ID,INVENTORY_NUMBER,STORE_NUMBER,SENSOR_ID,LOG,IN_OUT) values (6540,163,329,163,to_date('21/12/28 12:45:45','RR/MM/DD HH24:MI:SS'),'O');
Insert into ATEAM.STATE_LOG (LOG_ID,INVENTORY_NUMBER,STORE_NUMBER,SENSOR_ID,LOG,IN_OUT) values (6541,164,329,164,to_date('21/12/28 12:45:45','RR/MM/DD HH24:MI:SS'),'O');
Insert into ATEAM.STATE_LOG (LOG_ID,INVENTORY_NUMBER,STORE_NUMBER,SENSOR_ID,LOG,IN_OUT) values (6542,165,329,165,to_date('21/12/28 12:45:45','RR/MM/DD HH24:MI:SS'),'O');
Insert into ATEAM.STATE_LOG (LOG_ID,INVENTORY_NUMBER,STORE_NUMBER,SENSOR_ID,LOG,IN_OUT) values (6543,163,329,163,to_date('21/12/28 12:45:56','RR/MM/DD HH24:MI:SS'),'O');
Insert into ATEAM.STATE_LOG (LOG_ID,INVENTORY_NUMBER,STORE_NUMBER,SENSOR_ID,LOG,IN_OUT) values (6544,164,329,164,to_date('21/12/28 12:45:56','RR/MM/DD HH24:MI:SS'),'O');
Insert into ATEAM.STATE_LOG (LOG_ID,INVENTORY_NUMBER,STORE_NUMBER,SENSOR_ID,LOG,IN_OUT) values (6545,165,329,165,to_date('21/12/28 12:45:56','RR/MM/DD HH24:MI:SS'),'O');
Insert into ATEAM.STATE_LOG (LOG_ID,INVENTORY_NUMBER,STORE_NUMBER,SENSOR_ID,LOG,IN_OUT) values (6546,163,329,163,to_date('21/12/28 12:46:23','RR/MM/DD HH24:MI:SS'),'O');
Insert into ATEAM.STATE_LOG (LOG_ID,INVENTORY_NUMBER,STORE_NUMBER,SENSOR_ID,LOG,IN_OUT) values (6547,164,329,164,to_date('21/12/28 12:46:23','RR/MM/DD HH24:MI:SS'),'O');
Insert into ATEAM.STATE_LOG (LOG_ID,INVENTORY_NUMBER,STORE_NUMBER,SENSOR_ID,LOG,IN_OUT) values (6548,165,329,165,to_date('21/12/28 12:46:23','RR/MM/DD HH24:MI:SS'),'O');
Insert into ATEAM.STATE_LOG (LOG_ID,INVENTORY_NUMBER,STORE_NUMBER,SENSOR_ID,LOG,IN_OUT) values (6549,163,329,163,to_date('21/12/28 12:46:35','RR/MM/DD HH24:MI:SS'),'O');
Insert into ATEAM.STATE_LOG (LOG_ID,INVENTORY_NUMBER,STORE_NUMBER,SENSOR_ID,LOG,IN_OUT) values (6550,164,329,164,to_date('21/12/28 12:46:35','RR/MM/DD HH24:MI:SS'),'O');
Insert into ATEAM.STATE_LOG (LOG_ID,INVENTORY_NUMBER,STORE_NUMBER,SENSOR_ID,LOG,IN_OUT) values (6551,165,329,165,to_date('21/12/28 12:46:35','RR/MM/DD HH24:MI:SS'),'O');
Insert into ATEAM.STATE_LOG (LOG_ID,INVENTORY_NUMBER,STORE_NUMBER,SENSOR_ID,LOG,IN_OUT) values (6552,163,329,163,to_date('21/12/28 12:47:02','RR/MM/DD HH24:MI:SS'),'O');
Insert into ATEAM.STATE_LOG (LOG_ID,INVENTORY_NUMBER,STORE_NUMBER,SENSOR_ID,LOG,IN_OUT) values (6553,164,329,164,to_date('21/12/28 12:47:02','RR/MM/DD HH24:MI:SS'),'O');
Insert into ATEAM.STATE_LOG (LOG_ID,INVENTORY_NUMBER,STORE_NUMBER,SENSOR_ID,LOG,IN_OUT) values (6554,165,329,165,to_date('21/12/28 12:47:02','RR/MM/DD HH24:MI:SS'),'O');
Insert into ATEAM.STATE_LOG (LOG_ID,INVENTORY_NUMBER,STORE_NUMBER,SENSOR_ID,LOG,IN_OUT) values (6555,163,329,163,to_date('21/12/28 12:47:13','RR/MM/DD HH24:MI:SS'),'O');
Insert into ATEAM.STATE_LOG (LOG_ID,INVENTORY_NUMBER,STORE_NUMBER,SENSOR_ID,LOG,IN_OUT) values (6556,164,329,164,to_date('21/12/28 12:47:13','RR/MM/DD HH24:MI:SS'),'O');
Insert into ATEAM.STATE_LOG (LOG_ID,INVENTORY_NUMBER,STORE_NUMBER,SENSOR_ID,LOG,IN_OUT) values (6557,165,329,165,to_date('21/12/28 12:47:13','RR/MM/DD HH24:MI:SS'),'O');
Insert into ATEAM.STATE_LOG (LOG_ID,INVENTORY_NUMBER,STORE_NUMBER,SENSOR_ID,LOG,IN_OUT) values (6558,163,329,163,to_date('21/12/28 12:47:24','RR/MM/DD HH24:MI:SS'),'O');
Insert into ATEAM.STATE_LOG (LOG_ID,INVENTORY_NUMBER,STORE_NUMBER,SENSOR_ID,LOG,IN_OUT) values (6559,164,329,164,to_date('21/12/28 12:47:24','RR/MM/DD HH24:MI:SS'),'O');
Insert into ATEAM.STATE_LOG (LOG_ID,INVENTORY_NUMBER,STORE_NUMBER,SENSOR_ID,LOG,IN_OUT) values (6560,165,329,165,to_date('21/12/28 12:47:24','RR/MM/DD HH24:MI:SS'),'O');
Insert into ATEAM.STATE_LOG (LOG_ID,INVENTORY_NUMBER,STORE_NUMBER,SENSOR_ID,LOG,IN_OUT) values (6561,163,329,163,to_date('21/12/28 12:47:57','RR/MM/DD HH24:MI:SS'),'O');
Insert into ATEAM.STATE_LOG (LOG_ID,INVENTORY_NUMBER,STORE_NUMBER,SENSOR_ID,LOG,IN_OUT) values (6562,164,329,164,to_date('21/12/28 12:47:57','RR/MM/DD HH24:MI:SS'),'O');
Insert into ATEAM.STATE_LOG (LOG_ID,INVENTORY_NUMBER,STORE_NUMBER,SENSOR_ID,LOG,IN_OUT) values (6563,165,329,165,to_date('21/12/28 12:47:57','RR/MM/DD HH24:MI:SS'),'O');
Insert into ATEAM.STATE_LOG (LOG_ID,INVENTORY_NUMBER,STORE_NUMBER,SENSOR_ID,LOG,IN_OUT) values (6564,163,329,163,to_date('21/12/28 12:48:35','RR/MM/DD HH24:MI:SS'),'O');
Insert into ATEAM.STATE_LOG (LOG_ID,INVENTORY_NUMBER,STORE_NUMBER,SENSOR_ID,LOG,IN_OUT) values (6565,164,329,164,to_date('21/12/28 12:48:35','RR/MM/DD HH24:MI:SS'),'O');
Insert into ATEAM.STATE_LOG (LOG_ID,INVENTORY_NUMBER,STORE_NUMBER,SENSOR_ID,LOG,IN_OUT) values (6566,165,329,165,to_date('21/12/28 12:48:35','RR/MM/DD HH24:MI:SS'),'O');
Insert into ATEAM.STATE_LOG (LOG_ID,INVENTORY_NUMBER,STORE_NUMBER,SENSOR_ID,LOG,IN_OUT) values (6567,163,329,163,to_date('21/12/28 12:48:46','RR/MM/DD HH24:MI:SS'),'O');
Insert into ATEAM.STATE_LOG (LOG_ID,INVENTORY_NUMBER,STORE_NUMBER,SENSOR_ID,LOG,IN_OUT) values (6568,164,329,164,to_date('21/12/28 12:48:46','RR/MM/DD HH24:MI:SS'),'O');
Insert into ATEAM.STATE_LOG (LOG_ID,INVENTORY_NUMBER,STORE_NUMBER,SENSOR_ID,LOG,IN_OUT) values (6569,165,329,165,to_date('21/12/28 12:48:46','RR/MM/DD HH24:MI:SS'),'O');
Insert into ATEAM.STATE_LOG (LOG_ID,INVENTORY_NUMBER,STORE_NUMBER,SENSOR_ID,LOG,IN_OUT) values (6570,163,329,163,to_date('21/12/28 12:48:57','RR/MM/DD HH24:MI:SS'),'O');
Insert into ATEAM.STATE_LOG (LOG_ID,INVENTORY_NUMBER,STORE_NUMBER,SENSOR_ID,LOG,IN_OUT) values (6571,164,329,164,to_date('21/12/28 12:48:57','RR/MM/DD HH24:MI:SS'),'O');
Insert into ATEAM.STATE_LOG (LOG_ID,INVENTORY_NUMBER,STORE_NUMBER,SENSOR_ID,LOG,IN_OUT) values (6572,165,329,165,to_date('21/12/28 12:48:57','RR/MM/DD HH24:MI:SS'),'O');
Insert into ATEAM.STATE_LOG (LOG_ID,INVENTORY_NUMBER,STORE_NUMBER,SENSOR_ID,LOG,IN_OUT) values (6573,163,329,163,to_date('21/12/28 12:49:08','RR/MM/DD HH24:MI:SS'),'O');
Insert into ATEAM.STATE_LOG (LOG_ID,INVENTORY_NUMBER,STORE_NUMBER,SENSOR_ID,LOG,IN_OUT) values (6574,164,329,164,to_date('21/12/28 12:49:08','RR/MM/DD HH24:MI:SS'),'O');
Insert into ATEAM.STATE_LOG (LOG_ID,INVENTORY_NUMBER,STORE_NUMBER,SENSOR_ID,LOG,IN_OUT) values (6575,165,329,165,to_date('21/12/28 12:49:08','RR/MM/DD HH24:MI:SS'),'O');
Insert into ATEAM.STATE_LOG (LOG_ID,INVENTORY_NUMBER,STORE_NUMBER,SENSOR_ID,LOG,IN_OUT) values (6576,163,329,163,to_date('21/12/28 12:49:47','RR/MM/DD HH24:MI:SS'),'O');
Insert into ATEAM.STATE_LOG (LOG_ID,INVENTORY_NUMBER,STORE_NUMBER,SENSOR_ID,LOG,IN_OUT) values (6577,164,329,164,to_date('21/12/28 12:49:47','RR/MM/DD HH24:MI:SS'),'O');
Insert into ATEAM.STATE_LOG (LOG_ID,INVENTORY_NUMBER,STORE_NUMBER,SENSOR_ID,LOG,IN_OUT) values (6578,165,329,165,to_date('21/12/28 12:49:47','RR/MM/DD HH24:MI:SS'),'O');
Insert into ATEAM.STATE_LOG (LOG_ID,INVENTORY_NUMBER,STORE_NUMBER,SENSOR_ID,LOG,IN_OUT) values (6579,163,329,163,to_date('21/12/28 12:49:58','RR/MM/DD HH24:MI:SS'),'O');
Insert into ATEAM.STATE_LOG (LOG_ID,INVENTORY_NUMBER,STORE_NUMBER,SENSOR_ID,LOG,IN_OUT) values (6580,164,329,164,to_date('21/12/28 12:49:58','RR/MM/DD HH24:MI:SS'),'O');
Insert into ATEAM.STATE_LOG (LOG_ID,INVENTORY_NUMBER,STORE_NUMBER,SENSOR_ID,LOG,IN_OUT) values (6581,165,329,165,to_date('21/12/28 12:49:58','RR/MM/DD HH24:MI:SS'),'O');
Insert into ATEAM.STATE_LOG (LOG_ID,INVENTORY_NUMBER,STORE_NUMBER,SENSOR_ID,LOG,IN_OUT) values (6582,163,329,163,to_date('21/12/28 12:50:09','RR/MM/DD HH24:MI:SS'),'O');
Insert into ATEAM.STATE_LOG (LOG_ID,INVENTORY_NUMBER,STORE_NUMBER,SENSOR_ID,LOG,IN_OUT) values (6583,164,329,164,to_date('21/12/28 12:50:09','RR/MM/DD HH24:MI:SS'),'O');
Insert into ATEAM.STATE_LOG (LOG_ID,INVENTORY_NUMBER,STORE_NUMBER,SENSOR_ID,LOG,IN_OUT) values (6584,165,329,165,to_date('21/12/28 12:50:09','RR/MM/DD HH24:MI:SS'),'O');
Insert into ATEAM.STATE_LOG (LOG_ID,INVENTORY_NUMBER,STORE_NUMBER,SENSOR_ID,LOG,IN_OUT) values (6585,163,329,163,to_date('21/12/28 12:50:36','RR/MM/DD HH24:MI:SS'),'O');
Insert into ATEAM.STATE_LOG (LOG_ID,INVENTORY_NUMBER,STORE_NUMBER,SENSOR_ID,LOG,IN_OUT) values (6586,164,329,164,to_date('21/12/28 12:50:36','RR/MM/DD HH24:MI:SS'),'O');
Insert into ATEAM.STATE_LOG (LOG_ID,INVENTORY_NUMBER,STORE_NUMBER,SENSOR_ID,LOG,IN_OUT) values (6587,165,329,165,to_date('21/12/28 12:50:36','RR/MM/DD HH24:MI:SS'),'O');
Insert into ATEAM.STATE_LOG (LOG_ID,INVENTORY_NUMBER,STORE_NUMBER,SENSOR_ID,LOG,IN_OUT) values (6588,163,329,163,to_date('21/12/28 12:50:53','RR/MM/DD HH24:MI:SS'),'O');
Insert into ATEAM.STATE_LOG (LOG_ID,INVENTORY_NUMBER,STORE_NUMBER,SENSOR_ID,LOG,IN_OUT) values (6589,164,329,164,to_date('21/12/28 12:50:53','RR/MM/DD HH24:MI:SS'),'O');
Insert into ATEAM.STATE_LOG (LOG_ID,INVENTORY_NUMBER,STORE_NUMBER,SENSOR_ID,LOG,IN_OUT) values (6590,165,329,165,to_date('21/12/28 12:50:53','RR/MM/DD HH24:MI:SS'),'O');
Insert into ATEAM.STATE_LOG (LOG_ID,INVENTORY_NUMBER,STORE_NUMBER,SENSOR_ID,LOG,IN_OUT) values (6591,163,329,163,to_date('21/12/28 12:51:04','RR/MM/DD HH24:MI:SS'),'O');
Insert into ATEAM.STATE_LOG (LOG_ID,INVENTORY_NUMBER,STORE_NUMBER,SENSOR_ID,LOG,IN_OUT) values (6592,164,329,164,to_date('21/12/28 12:51:04','RR/MM/DD HH24:MI:SS'),'O');
Insert into ATEAM.STATE_LOG (LOG_ID,INVENTORY_NUMBER,STORE_NUMBER,SENSOR_ID,LOG,IN_OUT) values (6593,165,329,165,to_date('21/12/28 12:51:04','RR/MM/DD HH24:MI:SS'),'O');
Insert into ATEAM.STATE_LOG (LOG_ID,INVENTORY_NUMBER,STORE_NUMBER,SENSOR_ID,LOG,IN_OUT) values (6594,163,329,163,to_date('21/12/28 12:51:25','RR/MM/DD HH24:MI:SS'),'O');
Insert into ATEAM.STATE_LOG (LOG_ID,INVENTORY_NUMBER,STORE_NUMBER,SENSOR_ID,LOG,IN_OUT) values (6595,164,329,164,to_date('21/12/28 12:51:25','RR/MM/DD HH24:MI:SS'),'O');
Insert into ATEAM.STATE_LOG (LOG_ID,INVENTORY_NUMBER,STORE_NUMBER,SENSOR_ID,LOG,IN_OUT) values (6596,165,329,165,to_date('21/12/28 12:51:25','RR/MM/DD HH24:MI:SS'),'O');
Insert into ATEAM.STATE_LOG (LOG_ID,INVENTORY_NUMBER,STORE_NUMBER,SENSOR_ID,LOG,IN_OUT) values (6597,163,329,163,to_date('21/12/28 12:51:42','RR/MM/DD HH24:MI:SS'),'O');
Insert into ATEAM.STATE_LOG (LOG_ID,INVENTORY_NUMBER,STORE_NUMBER,SENSOR_ID,LOG,IN_OUT) values (6598,164,329,164,to_date('21/12/28 12:51:42','RR/MM/DD HH24:MI:SS'),'O');
Insert into ATEAM.STATE_LOG (LOG_ID,INVENTORY_NUMBER,STORE_NUMBER,SENSOR_ID,LOG,IN_OUT) values (6599,165,329,165,to_date('21/12/28 12:51:42','RR/MM/DD HH24:MI:SS'),'O');
Insert into ATEAM.STATE_LOG (LOG_ID,INVENTORY_NUMBER,STORE_NUMBER,SENSOR_ID,LOG,IN_OUT) values (6600,163,329,163,to_date('21/12/28 12:51:53','RR/MM/DD HH24:MI:SS'),'O');
Insert into ATEAM.STATE_LOG (LOG_ID,INVENTORY_NUMBER,STORE_NUMBER,SENSOR_ID,LOG,IN_OUT) values (6601,164,329,164,to_date('21/12/28 12:51:53','RR/MM/DD HH24:MI:SS'),'O');
Insert into ATEAM.STATE_LOG (LOG_ID,INVENTORY_NUMBER,STORE_NUMBER,SENSOR_ID,LOG,IN_OUT) values (6602,165,329,165,to_date('21/12/28 12:51:53','RR/MM/DD HH24:MI:SS'),'O');
Insert into ATEAM.STATE_LOG (LOG_ID,INVENTORY_NUMBER,STORE_NUMBER,SENSOR_ID,LOG,IN_OUT) values (6603,163,329,163,to_date('21/12/28 12:52:47','RR/MM/DD HH24:MI:SS'),'O');
Insert into ATEAM.STATE_LOG (LOG_ID,INVENTORY_NUMBER,STORE_NUMBER,SENSOR_ID,LOG,IN_OUT) values (6604,164,329,164,to_date('21/12/28 12:52:47','RR/MM/DD HH24:MI:SS'),'O');
Insert into ATEAM.STATE_LOG (LOG_ID,INVENTORY_NUMBER,STORE_NUMBER,SENSOR_ID,LOG,IN_OUT) values (6605,165,329,165,to_date('21/12/28 12:52:47','RR/MM/DD HH24:MI:SS'),'O');
Insert into ATEAM.STATE_LOG (LOG_ID,INVENTORY_NUMBER,STORE_NUMBER,SENSOR_ID,LOG,IN_OUT) values (6606,163,329,163,to_date('21/12/28 12:52:58','RR/MM/DD HH24:MI:SS'),'O');
Insert into ATEAM.STATE_LOG (LOG_ID,INVENTORY_NUMBER,STORE_NUMBER,SENSOR_ID,LOG,IN_OUT) values (6607,164,329,164,to_date('21/12/28 12:52:58','RR/MM/DD HH24:MI:SS'),'O');
Insert into ATEAM.STATE_LOG (LOG_ID,INVENTORY_NUMBER,STORE_NUMBER,SENSOR_ID,LOG,IN_OUT) values (6608,165,329,165,to_date('21/12/28 12:52:58','RR/MM/DD HH24:MI:SS'),'O');
Insert into ATEAM.STATE_LOG (LOG_ID,INVENTORY_NUMBER,STORE_NUMBER,SENSOR_ID,LOG,IN_OUT) values (6609,163,329,163,to_date('21/12/28 12:55:09','RR/MM/DD HH24:MI:SS'),'O');
Insert into ATEAM.STATE_LOG (LOG_ID,INVENTORY_NUMBER,STORE_NUMBER,SENSOR_ID,LOG,IN_OUT) values (6610,164,329,164,to_date('21/12/28 12:55:09','RR/MM/DD HH24:MI:SS'),'O');
Insert into ATEAM.STATE_LOG (LOG_ID,INVENTORY_NUMBER,STORE_NUMBER,SENSOR_ID,LOG,IN_OUT) values (6611,165,329,165,to_date('21/12/28 12:55:09','RR/MM/DD HH24:MI:SS'),'O');
Insert into ATEAM.STATE_LOG (LOG_ID,INVENTORY_NUMBER,STORE_NUMBER,SENSOR_ID,LOG,IN_OUT) values (6612,163,329,163,to_date('21/12/28 12:55:36','RR/MM/DD HH24:MI:SS'),'O');
Insert into ATEAM.STATE_LOG (LOG_ID,INVENTORY_NUMBER,STORE_NUMBER,SENSOR_ID,LOG,IN_OUT) values (6613,164,329,164,to_date('21/12/28 12:55:36','RR/MM/DD HH24:MI:SS'),'O');
Insert into ATEAM.STATE_LOG (LOG_ID,INVENTORY_NUMBER,STORE_NUMBER,SENSOR_ID,LOG,IN_OUT) values (6614,165,329,165,to_date('21/12/28 12:55:36','RR/MM/DD HH24:MI:SS'),'O');
Insert into ATEAM.STATE_LOG (LOG_ID,INVENTORY_NUMBER,STORE_NUMBER,SENSOR_ID,LOG,IN_OUT) values (6615,163,329,163,to_date('21/12/28 12:55:47','RR/MM/DD HH24:MI:SS'),'O');
Insert into ATEAM.STATE_LOG (LOG_ID,INVENTORY_NUMBER,STORE_NUMBER,SENSOR_ID,LOG,IN_OUT) values (6616,164,329,164,to_date('21/12/28 12:55:47','RR/MM/DD HH24:MI:SS'),'O');
Insert into ATEAM.STATE_LOG (LOG_ID,INVENTORY_NUMBER,STORE_NUMBER,SENSOR_ID,LOG,IN_OUT) values (6617,165,329,165,to_date('21/12/28 12:55:47','RR/MM/DD HH24:MI:SS'),'O');
Insert into ATEAM.STATE_LOG (LOG_ID,INVENTORY_NUMBER,STORE_NUMBER,SENSOR_ID,LOG,IN_OUT) values (6618,82,311,82,to_date('21/12/28 12:56:16','RR/MM/DD HH24:MI:SS'),'O');
Insert into ATEAM.STATE_LOG (LOG_ID,INVENTORY_NUMBER,STORE_NUMBER,SENSOR_ID,LOG,IN_OUT) values (6619,83,311,83,to_date('21/12/28 12:56:16','RR/MM/DD HH24:MI:SS'),'O');
Insert into ATEAM.STATE_LOG (LOG_ID,INVENTORY_NUMBER,STORE_NUMBER,SENSOR_ID,LOG,IN_OUT) values (6620,84,311,84,to_date('21/12/28 12:56:16','RR/MM/DD HH24:MI:SS'),'O');
Insert into ATEAM.STATE_LOG (LOG_ID,INVENTORY_NUMBER,STORE_NUMBER,SENSOR_ID,LOG,IN_OUT) values (6621,163,329,163,to_date('21/12/28 12:56:31','RR/MM/DD HH24:MI:SS'),'O');
Insert into ATEAM.STATE_LOG (LOG_ID,INVENTORY_NUMBER,STORE_NUMBER,SENSOR_ID,LOG,IN_OUT) values (6622,164,329,164,to_date('21/12/28 12:56:31','RR/MM/DD HH24:MI:SS'),'O');
Insert into ATEAM.STATE_LOG (LOG_ID,INVENTORY_NUMBER,STORE_NUMBER,SENSOR_ID,LOG,IN_OUT) values (6623,165,329,165,to_date('21/12/28 12:56:31','RR/MM/DD HH24:MI:SS'),'O');
Insert into ATEAM.STATE_LOG (LOG_ID,INVENTORY_NUMBER,STORE_NUMBER,SENSOR_ID,LOG,IN_OUT) values (6624,163,329,163,to_date('21/12/28 12:56:58','RR/MM/DD HH24:MI:SS'),'O');
Insert into ATEAM.STATE_LOG (LOG_ID,INVENTORY_NUMBER,STORE_NUMBER,SENSOR_ID,LOG,IN_OUT) values (6625,164,329,164,to_date('21/12/28 12:56:58','RR/MM/DD HH24:MI:SS'),'O');
Insert into ATEAM.STATE_LOG (LOG_ID,INVENTORY_NUMBER,STORE_NUMBER,SENSOR_ID,LOG,IN_OUT) values (6626,165,329,165,to_date('21/12/28 12:56:58','RR/MM/DD HH24:MI:SS'),'O');
Insert into ATEAM.STATE_LOG (LOG_ID,INVENTORY_NUMBER,STORE_NUMBER,SENSOR_ID,LOG,IN_OUT) values (6627,163,329,163,to_date('21/12/28 12:57:09','RR/MM/DD HH24:MI:SS'),'O');
Insert into ATEAM.STATE_LOG (LOG_ID,INVENTORY_NUMBER,STORE_NUMBER,SENSOR_ID,LOG,IN_OUT) values (6628,164,329,164,to_date('21/12/28 12:57:09','RR/MM/DD HH24:MI:SS'),'O');
Insert into ATEAM.STATE_LOG (LOG_ID,INVENTORY_NUMBER,STORE_NUMBER,SENSOR_ID,LOG,IN_OUT) values (6629,165,329,165,to_date('21/12/28 12:57:09','RR/MM/DD HH24:MI:SS'),'O');
Insert into ATEAM.STATE_LOG (LOG_ID,INVENTORY_NUMBER,STORE_NUMBER,SENSOR_ID,LOG,IN_OUT) values (6630,163,329,163,to_date('21/12/28 12:57:20','RR/MM/DD HH24:MI:SS'),'O');
Insert into ATEAM.STATE_LOG (LOG_ID,INVENTORY_NUMBER,STORE_NUMBER,SENSOR_ID,LOG,IN_OUT) values (6631,164,329,164,to_date('21/12/28 12:57:20','RR/MM/DD HH24:MI:SS'),'O');
Insert into ATEAM.STATE_LOG (LOG_ID,INVENTORY_NUMBER,STORE_NUMBER,SENSOR_ID,LOG,IN_OUT) values (6632,165,329,165,to_date('21/12/28 12:57:20','RR/MM/DD HH24:MI:SS'),'O');
Insert into ATEAM.STATE_LOG (LOG_ID,INVENTORY_NUMBER,STORE_NUMBER,SENSOR_ID,LOG,IN_OUT) values (6633,163,329,163,to_date('21/12/28 12:57:31','RR/MM/DD HH24:MI:SS'),'O');
Insert into ATEAM.STATE_LOG (LOG_ID,INVENTORY_NUMBER,STORE_NUMBER,SENSOR_ID,LOG,IN_OUT) values (6634,164,329,164,to_date('21/12/28 12:57:31','RR/MM/DD HH24:MI:SS'),'O');
Insert into ATEAM.STATE_LOG (LOG_ID,INVENTORY_NUMBER,STORE_NUMBER,SENSOR_ID,LOG,IN_OUT) values (6635,165,329,165,to_date('21/12/28 12:57:31','RR/MM/DD HH24:MI:SS'),'O');
Insert into ATEAM.STATE_LOG (LOG_ID,INVENTORY_NUMBER,STORE_NUMBER,SENSOR_ID,LOG,IN_OUT) values (6636,163,329,163,to_date('21/12/28 12:57:47','RR/MM/DD HH24:MI:SS'),'O');
Insert into ATEAM.STATE_LOG (LOG_ID,INVENTORY_NUMBER,STORE_NUMBER,SENSOR_ID,LOG,IN_OUT) values (6637,164,329,164,to_date('21/12/28 12:57:47','RR/MM/DD HH24:MI:SS'),'O');
Insert into ATEAM.STATE_LOG (LOG_ID,INVENTORY_NUMBER,STORE_NUMBER,SENSOR_ID,LOG,IN_OUT) values (6638,165,329,165,to_date('21/12/28 12:57:47','RR/MM/DD HH24:MI:SS'),'O');
Insert into ATEAM.STATE_LOG (LOG_ID,INVENTORY_NUMBER,STORE_NUMBER,SENSOR_ID,LOG,IN_OUT) values (6639,163,329,163,to_date('21/12/28 12:58:20','RR/MM/DD HH24:MI:SS'),'O');
Insert into ATEAM.STATE_LOG (LOG_ID,INVENTORY_NUMBER,STORE_NUMBER,SENSOR_ID,LOG,IN_OUT) values (6640,164,329,164,to_date('21/12/28 12:58:20','RR/MM/DD HH24:MI:SS'),'O');
Insert into ATEAM.STATE_LOG (LOG_ID,INVENTORY_NUMBER,STORE_NUMBER,SENSOR_ID,LOG,IN_OUT) values (6641,165,329,165,to_date('21/12/28 12:58:20','RR/MM/DD HH24:MI:SS'),'O');
Insert into ATEAM.STATE_LOG (LOG_ID,INVENTORY_NUMBER,STORE_NUMBER,SENSOR_ID,LOG,IN_OUT) values (6642,163,329,163,to_date('21/12/28 12:58:47','RR/MM/DD HH24:MI:SS'),'O');
Insert into ATEAM.STATE_LOG (LOG_ID,INVENTORY_NUMBER,STORE_NUMBER,SENSOR_ID,LOG,IN_OUT) values (6643,164,329,164,to_date('21/12/28 12:58:47','RR/MM/DD HH24:MI:SS'),'O');
Insert into ATEAM.STATE_LOG (LOG_ID,INVENTORY_NUMBER,STORE_NUMBER,SENSOR_ID,LOG,IN_OUT) values (6201,165,329,165,to_date('21/09/04 15:40:00','RR/MM/DD HH24:MI:SS'),'O');
Insert into ATEAM.STATE_LOG (LOG_ID,INVENTORY_NUMBER,STORE_NUMBER,SENSOR_ID,LOG,IN_OUT) values (6202,165,329,165,to_date('21/09/12 12:00:00','RR/MM/DD HH24:MI:SS'),'I');
Insert into ATEAM.STATE_LOG (LOG_ID,INVENTORY_NUMBER,STORE_NUMBER,SENSOR_ID,LOG,IN_OUT) values (6203,165,329,165,to_date('21/09/12 12:55:00','RR/MM/DD HH24:MI:SS'),'O');
Insert into ATEAM.STATE_LOG (LOG_ID,INVENTORY_NUMBER,STORE_NUMBER,SENSOR_ID,LOG,IN_OUT) values (6204,165,329,165,to_date('21/09/13 17:00:00','RR/MM/DD HH24:MI:SS'),'I');
Insert into ATEAM.STATE_LOG (LOG_ID,INVENTORY_NUMBER,STORE_NUMBER,SENSOR_ID,LOG,IN_OUT) values (6205,165,329,165,to_date('21/09/13 17:30:00','RR/MM/DD HH24:MI:SS'),'O');
Insert into ATEAM.STATE_LOG (LOG_ID,INVENTORY_NUMBER,STORE_NUMBER,SENSOR_ID,LOG,IN_OUT) values (6206,165,329,165,to_date('21/09/14 22:00:00','RR/MM/DD HH24:MI:SS'),'I');
Insert into ATEAM.STATE_LOG (LOG_ID,INVENTORY_NUMBER,STORE_NUMBER,SENSOR_ID,LOG,IN_OUT) values (6176,163,329,163,to_date('21/12/08 15:00:00','RR/MM/DD HH24:MI:SS'),'I');
Insert into ATEAM.STATE_LOG (LOG_ID,INVENTORY_NUMBER,STORE_NUMBER,SENSOR_ID,LOG,IN_OUT) values (6391,164,329,164,to_date('21/12/28 12:21:46','RR/MM/DD HH24:MI:SS'),'O');
Insert into ATEAM.STATE_LOG (LOG_ID,INVENTORY_NUMBER,STORE_NUMBER,SENSOR_ID,LOG,IN_OUT) values (6178,163,329,163,to_date('21/12/12 12:00:00','RR/MM/DD HH24:MI:SS'),'I');
Insert into ATEAM.STATE_LOG (LOG_ID,INVENTORY_NUMBER,STORE_NUMBER,SENSOR_ID,LOG,IN_OUT) values (6179,163,329,163,to_date('21/12/12 12:55:00','RR/MM/DD HH24:MI:SS'),'O');
Insert into ATEAM.STATE_LOG (LOG_ID,INVENTORY_NUMBER,STORE_NUMBER,SENSOR_ID,LOG,IN_OUT) values (6180,163,329,163,to_date('21/12/13 17:00:00','RR/MM/DD HH24:MI:SS'),'I');
Insert into ATEAM.STATE_LOG (LOG_ID,INVENTORY_NUMBER,STORE_NUMBER,SENSOR_ID,LOG,IN_OUT) values (6181,163,329,163,to_date('21/12/13 17:30:00','RR/MM/DD HH24:MI:SS'),'O');
Insert into ATEAM.STATE_LOG (LOG_ID,INVENTORY_NUMBER,STORE_NUMBER,SENSOR_ID,LOG,IN_OUT) values (6182,163,329,163,to_date('21/12/01 22:00:00','RR/MM/DD HH24:MI:SS'),'I');
Insert into ATEAM.STATE_LOG (LOG_ID,INVENTORY_NUMBER,STORE_NUMBER,SENSOR_ID,LOG,IN_OUT) values (6183,163,329,163,to_date('21/12/01 21:00:00','RR/MM/DD HH24:MI:SS'),'O');
Insert into ATEAM.STATE_LOG (LOG_ID,INVENTORY_NUMBER,STORE_NUMBER,SENSOR_ID,LOG,IN_OUT) values (6184,163,329,163,to_date('21/12/04 15:00:00','RR/MM/DD HH24:MI:SS'),'I');
Insert into ATEAM.STATE_LOG (LOG_ID,INVENTORY_NUMBER,STORE_NUMBER,SENSOR_ID,LOG,IN_OUT) values (6185,163,329,163,to_date('21/12/04 15:40:00','RR/MM/DD HH24:MI:SS'),'O');
Insert into ATEAM.STATE_LOG (LOG_ID,INVENTORY_NUMBER,STORE_NUMBER,SENSOR_ID,LOG,IN_OUT) values (6186,163,329,163,to_date('21/12/12 12:00:00','RR/MM/DD HH24:MI:SS'),'I');
Insert into ATEAM.STATE_LOG (LOG_ID,INVENTORY_NUMBER,STORE_NUMBER,SENSOR_ID,LOG,IN_OUT) values (6187,163,329,163,to_date('21/12/12 12:55:00','RR/MM/DD HH24:MI:SS'),'O');
Insert into ATEAM.STATE_LOG (LOG_ID,INVENTORY_NUMBER,STORE_NUMBER,SENSOR_ID,LOG,IN_OUT) values (6188,163,329,163,to_date('21/12/13 17:00:00','RR/MM/DD HH24:MI:SS'),'I');
Insert into ATEAM.STATE_LOG (LOG_ID,INVENTORY_NUMBER,STORE_NUMBER,SENSOR_ID,LOG,IN_OUT) values (6189,163,329,163,to_date('21/12/13 17:30:00','RR/MM/DD HH24:MI:SS'),'O');
Insert into ATEAM.STATE_LOG (LOG_ID,INVENTORY_NUMBER,STORE_NUMBER,SENSOR_ID,LOG,IN_OUT) values (6190,163,329,163,to_date('21/12/14 22:00:00','RR/MM/DD HH24:MI:SS'),'I');
Insert into ATEAM.STATE_LOG (LOG_ID,INVENTORY_NUMBER,STORE_NUMBER,SENSOR_ID,LOG,IN_OUT) values (6191,163,329,163,to_date('21/12/14 23:00:00','RR/MM/DD HH24:MI:SS'),'O');
Insert into ATEAM.STATE_LOG (LOG_ID,INVENTORY_NUMBER,STORE_NUMBER,SENSOR_ID,LOG,IN_OUT) values (6192,164,329,164,to_date('21/12/28 15:00:00','RR/MM/DD HH24:MI:SS'),'I');
Insert into ATEAM.STATE_LOG (LOG_ID,INVENTORY_NUMBER,STORE_NUMBER,SENSOR_ID,LOG,IN_OUT) values (6193,164,329,164,to_date('21/12/28 15:40:00','RR/MM/DD HH24:MI:SS'),'O');
Insert into ATEAM.STATE_LOG (LOG_ID,INVENTORY_NUMBER,STORE_NUMBER,SENSOR_ID,LOG,IN_OUT) values (6194,164,329,164,to_date('21/12/27 12:00:00','RR/MM/DD HH24:MI:SS'),'I');
Insert into ATEAM.STATE_LOG (LOG_ID,INVENTORY_NUMBER,STORE_NUMBER,SENSOR_ID,LOG,IN_OUT) values (6195,164,329,164,to_date('21/12/27 12:55:00','RR/MM/DD HH24:MI:SS'),'O');
Insert into ATEAM.STATE_LOG (LOG_ID,INVENTORY_NUMBER,STORE_NUMBER,SENSOR_ID,LOG,IN_OUT) values (6196,164,329,164,to_date('21/12/28 17:00:00','RR/MM/DD HH24:MI:SS'),'I');
Insert into ATEAM.STATE_LOG (LOG_ID,INVENTORY_NUMBER,STORE_NUMBER,SENSOR_ID,LOG,IN_OUT) values (6197,164,329,164,to_date('21/12/28 17:30:00','RR/MM/DD HH24:MI:SS'),'O');
Insert into ATEAM.STATE_LOG (LOG_ID,INVENTORY_NUMBER,STORE_NUMBER,SENSOR_ID,LOG,IN_OUT) values (6198,164,329,164,to_date('21/12/28 22:00:00','RR/MM/DD HH24:MI:SS'),'I');
Insert into ATEAM.STATE_LOG (LOG_ID,INVENTORY_NUMBER,STORE_NUMBER,SENSOR_ID,LOG,IN_OUT) values (6199,164,329,164,to_date('21/12/28 23:00:00','RR/MM/DD HH24:MI:SS'),'O');
Insert into ATEAM.STATE_LOG (LOG_ID,INVENTORY_NUMBER,STORE_NUMBER,SENSOR_ID,LOG,IN_OUT) values (6200,165,329,165,to_date('21/09/04 15:00:00','RR/MM/DD HH24:MI:SS'),'I');
Insert into ATEAM.STATE_LOG (LOG_ID,INVENTORY_NUMBER,STORE_NUMBER,SENSOR_ID,LOG,IN_OUT) values (6207,165,329,165,to_date('21/09/14 23:00:00','RR/MM/DD HH24:MI:SS'),'O');
Insert into ATEAM.STATE_LOG (LOG_ID,INVENTORY_NUMBER,STORE_NUMBER,SENSOR_ID,LOG,IN_OUT) values (6161,154,328,154,to_date('21/12/27 10:36:01','RR/MM/DD HH24:MI:SS'),'O');
Insert into ATEAM.STATE_LOG (LOG_ID,INVENTORY_NUMBER,STORE_NUMBER,SENSOR_ID,LOG,IN_OUT) values (6162,155,328,155,to_date('21/12/27 10:36:01','RR/MM/DD HH24:MI:SS'),'O');
Insert into ATEAM.STATE_LOG (LOG_ID,INVENTORY_NUMBER,STORE_NUMBER,SENSOR_ID,LOG,IN_OUT) values (6163,156,328,156,to_date('21/12/27 10:36:01','RR/MM/DD HH24:MI:SS'),'O');
Insert into ATEAM.STATE_LOG (LOG_ID,INVENTORY_NUMBER,STORE_NUMBER,SENSOR_ID,LOG,IN_OUT) values (6164,157,328,157,to_date('21/12/27 10:36:01','RR/MM/DD HH24:MI:SS'),'O');
Insert into ATEAM.STATE_LOG (LOG_ID,INVENTORY_NUMBER,STORE_NUMBER,SENSOR_ID,LOG,IN_OUT) values (6165,158,328,158,to_date('21/12/27 10:36:01','RR/MM/DD HH24:MI:SS'),'O');
Insert into ATEAM.STATE_LOG (LOG_ID,INVENTORY_NUMBER,STORE_NUMBER,SENSOR_ID,LOG,IN_OUT) values (6166,159,328,159,to_date('21/12/27 10:36:01','RR/MM/DD HH24:MI:SS'),'O');
Insert into ATEAM.STATE_LOG (LOG_ID,INVENTORY_NUMBER,STORE_NUMBER,SENSOR_ID,LOG,IN_OUT) values (6167,160,328,160,to_date('21/12/27 10:36:01','RR/MM/DD HH24:MI:SS'),'O');
Insert into ATEAM.STATE_LOG (LOG_ID,INVENTORY_NUMBER,STORE_NUMBER,SENSOR_ID,LOG,IN_OUT) values (6168,161,328,161,to_date('21/12/27 10:36:01','RR/MM/DD HH24:MI:SS'),'O');
Insert into ATEAM.STATE_LOG (LOG_ID,INVENTORY_NUMBER,STORE_NUMBER,SENSOR_ID,LOG,IN_OUT) values (6208,163,329,163,to_date('21/09/28 15:00:00','RR/MM/DD HH24:MI:SS'),'I');
Insert into ATEAM.STATE_LOG (LOG_ID,INVENTORY_NUMBER,STORE_NUMBER,SENSOR_ID,LOG,IN_OUT) values (6209,163,329,163,to_date('21/09/28 15:40:00','RR/MM/DD HH24:MI:SS'),'O');
Insert into ATEAM.STATE_LOG (LOG_ID,INVENTORY_NUMBER,STORE_NUMBER,SENSOR_ID,LOG,IN_OUT) values (6210,163,329,163,to_date('21/11/27 12:00:00','RR/MM/DD HH24:MI:SS'),'I');
Insert into ATEAM.STATE_LOG (LOG_ID,INVENTORY_NUMBER,STORE_NUMBER,SENSOR_ID,LOG,IN_OUT) values (6211,163,329,163,to_date('21/11/27 12:55:00','RR/MM/DD HH24:MI:SS'),'O');
Insert into ATEAM.STATE_LOG (LOG_ID,INVENTORY_NUMBER,STORE_NUMBER,SENSOR_ID,LOG,IN_OUT) values (6212,163,329,163,to_date('21/11/28 17:00:00','RR/MM/DD HH24:MI:SS'),'I');
Insert into ATEAM.STATE_LOG (LOG_ID,INVENTORY_NUMBER,STORE_NUMBER,SENSOR_ID,LOG,IN_OUT) values (6213,163,329,163,to_date('21/11/28 17:30:00','RR/MM/DD HH24:MI:SS'),'O');
Insert into ATEAM.STATE_LOG (LOG_ID,INVENTORY_NUMBER,STORE_NUMBER,SENSOR_ID,LOG,IN_OUT) values (6214,163,329,163,to_date('21/11/28 22:00:00','RR/MM/DD HH24:MI:SS'),'I');
Insert into ATEAM.STATE_LOG (LOG_ID,INVENTORY_NUMBER,STORE_NUMBER,SENSOR_ID,LOG,IN_OUT) values (6215,163,329,163,to_date('21/11/28 23:00:00','RR/MM/DD HH24:MI:SS'),'O');
Insert into ATEAM.STATE_LOG (LOG_ID,INVENTORY_NUMBER,STORE_NUMBER,SENSOR_ID,LOG,IN_OUT) values (6216,164,329,164,to_date('21/11/29 15:00:00','RR/MM/DD HH24:MI:SS'),'I');
Insert into ATEAM.STATE_LOG (LOG_ID,INVENTORY_NUMBER,STORE_NUMBER,SENSOR_ID,LOG,IN_OUT) values (6217,164,329,164,to_date('21/11/29 15:40:00','RR/MM/DD HH24:MI:SS'),'O');
Insert into ATEAM.STATE_LOG (LOG_ID,INVENTORY_NUMBER,STORE_NUMBER,SENSOR_ID,LOG,IN_OUT) values (6218,164,329,164,to_date('21/11/29 12:00:00','RR/MM/DD HH24:MI:SS'),'I');
Insert into ATEAM.STATE_LOG (LOG_ID,INVENTORY_NUMBER,STORE_NUMBER,SENSOR_ID,LOG,IN_OUT) values (6219,164,329,164,to_date('21/11/29 12:55:00','RR/MM/DD HH24:MI:SS'),'O');
Insert into ATEAM.STATE_LOG (LOG_ID,INVENTORY_NUMBER,STORE_NUMBER,SENSOR_ID,LOG,IN_OUT) values (6220,164,329,164,to_date('21/11/29 17:00:00','RR/MM/DD HH24:MI:SS'),'I');
Insert into ATEAM.STATE_LOG (LOG_ID,INVENTORY_NUMBER,STORE_NUMBER,SENSOR_ID,LOG,IN_OUT) values (6221,164,329,164,to_date('21/11/29 17:30:00','RR/MM/DD HH24:MI:SS'),'O');
Insert into ATEAM.STATE_LOG (LOG_ID,INVENTORY_NUMBER,STORE_NUMBER,SENSOR_ID,LOG,IN_OUT) values (6222,164,329,164,to_date('21/11/29 22:00:00','RR/MM/DD HH24:MI:SS'),'I');
Insert into ATEAM.STATE_LOG (LOG_ID,INVENTORY_NUMBER,STORE_NUMBER,SENSOR_ID,LOG,IN_OUT) values (6223,164,329,164,to_date('21/11/29 23:00:00','RR/MM/DD HH24:MI:SS'),'O');
Insert into ATEAM.STATE_LOG (LOG_ID,INVENTORY_NUMBER,STORE_NUMBER,SENSOR_ID,LOG,IN_OUT) values (6224,166,329,166,to_date('21/11/29 15:00:00','RR/MM/DD HH24:MI:SS'),'I');
Insert into ATEAM.STATE_LOG (LOG_ID,INVENTORY_NUMBER,STORE_NUMBER,SENSOR_ID,LOG,IN_OUT) values (6225,166,329,166,to_date('21/11/29 15:40:00','RR/MM/DD HH24:MI:SS'),'O');
Insert into ATEAM.STATE_LOG (LOG_ID,INVENTORY_NUMBER,STORE_NUMBER,SENSOR_ID,LOG,IN_OUT) values (6226,166,329,166,to_date('21/11/29 12:00:00','RR/MM/DD HH24:MI:SS'),'I');
Insert into ATEAM.STATE_LOG (LOG_ID,INVENTORY_NUMBER,STORE_NUMBER,SENSOR_ID,LOG,IN_OUT) values (6227,166,329,166,to_date('21/11/29 12:55:00','RR/MM/DD HH24:MI:SS'),'O');
Insert into ATEAM.STATE_LOG (LOG_ID,INVENTORY_NUMBER,STORE_NUMBER,SENSOR_ID,LOG,IN_OUT) values (6228,166,329,166,to_date('21/11/29 17:00:00','RR/MM/DD HH24:MI:SS'),'I');
Insert into ATEAM.STATE_LOG (LOG_ID,INVENTORY_NUMBER,STORE_NUMBER,SENSOR_ID,LOG,IN_OUT) values (6229,166,329,166,to_date('21/11/29 17:30:00','RR/MM/DD HH24:MI:SS'),'O');
Insert into ATEAM.STATE_LOG (LOG_ID,INVENTORY_NUMBER,STORE_NUMBER,SENSOR_ID,LOG,IN_OUT) values (6230,166,329,166,to_date('21/11/29 22:00:00','RR/MM/DD HH24:MI:SS'),'I');
Insert into ATEAM.STATE_LOG (LOG_ID,INVENTORY_NUMBER,STORE_NUMBER,SENSOR_ID,LOG,IN_OUT) values (6231,166,329,166,to_date('21/11/29 23:00:00','RR/MM/DD HH24:MI:SS'),'O');
Insert into ATEAM.STATE_LOG (LOG_ID,INVENTORY_NUMBER,STORE_NUMBER,SENSOR_ID,LOG,IN_OUT) values (6392,165,329,165,to_date('21/12/28 12:21:46','RR/MM/DD HH24:MI:SS'),'O');
Insert into ATEAM.STATE_LOG (LOG_ID,INVENTORY_NUMBER,STORE_NUMBER,SENSOR_ID,LOG,IN_OUT) values (6233,166,329,166,to_date('21/12/08 15:40:00','RR/MM/DD HH24:MI:SS'),'O');
Insert into ATEAM.STATE_LOG (LOG_ID,INVENTORY_NUMBER,STORE_NUMBER,SENSOR_ID,LOG,IN_OUT) values (6234,166,329,166,to_date('21/12/12 12:00:00','RR/MM/DD HH24:MI:SS'),'I');
Insert into ATEAM.STATE_LOG (LOG_ID,INVENTORY_NUMBER,STORE_NUMBER,SENSOR_ID,LOG,IN_OUT) values (6235,166,329,166,to_date('21/12/12 12:55:00','RR/MM/DD HH24:MI:SS'),'O');
Insert into ATEAM.STATE_LOG (LOG_ID,INVENTORY_NUMBER,STORE_NUMBER,SENSOR_ID,LOG,IN_OUT) values (6236,166,329,166,to_date('21/12/13 17:00:00','RR/MM/DD HH24:MI:SS'),'I');
Insert into ATEAM.STATE_LOG (LOG_ID,INVENTORY_NUMBER,STORE_NUMBER,SENSOR_ID,LOG,IN_OUT) values (6237,166,329,166,to_date('21/12/13 17:30:00','RR/MM/DD HH24:MI:SS'),'O');
Insert into ATEAM.STATE_LOG (LOG_ID,INVENTORY_NUMBER,STORE_NUMBER,SENSOR_ID,LOG,IN_OUT) values (6390,163,329,163,to_date('21/12/28 12:21:46','RR/MM/DD HH24:MI:SS'),'O');
Insert into ATEAM.STATE_LOG (LOG_ID,INVENTORY_NUMBER,STORE_NUMBER,SENSOR_ID,LOG,IN_OUT) values (6393,163,329,163,to_date('21/12/28 12:22:23','RR/MM/DD HH24:MI:SS'),'O');
Insert into ATEAM.STATE_LOG (LOG_ID,INVENTORY_NUMBER,STORE_NUMBER,SENSOR_ID,LOG,IN_OUT) values (6240,166,329,166,to_date('21/12/04 15:00:00','RR/MM/DD HH24:MI:SS'),'I');
Insert into ATEAM.STATE_LOG (LOG_ID,INVENTORY_NUMBER,STORE_NUMBER,SENSOR_ID,LOG,IN_OUT) values (6241,166,329,166,to_date('21/12/04 15:40:00','RR/MM/DD HH24:MI:SS'),'O');
Insert into ATEAM.STATE_LOG (LOG_ID,INVENTORY_NUMBER,STORE_NUMBER,SENSOR_ID,LOG,IN_OUT) values (6242,166,329,166,to_date('21/10/08 15:00:00','RR/MM/DD HH24:MI:SS'),'I');
Insert into ATEAM.STATE_LOG (LOG_ID,INVENTORY_NUMBER,STORE_NUMBER,SENSOR_ID,LOG,IN_OUT) values (6243,166,329,166,to_date('21/10/08 15:40:00','RR/MM/DD HH24:MI:SS'),'O');
Insert into ATEAM.STATE_LOG (LOG_ID,INVENTORY_NUMBER,STORE_NUMBER,SENSOR_ID,LOG,IN_OUT) values (6244,166,329,166,to_date('21/10/12 12:00:00','RR/MM/DD HH24:MI:SS'),'I');
Insert into ATEAM.STATE_LOG (LOG_ID,INVENTORY_NUMBER,STORE_NUMBER,SENSOR_ID,LOG,IN_OUT) values (6245,166,329,166,to_date('21/10/12 12:55:00','RR/MM/DD HH24:MI:SS'),'O');
Insert into ATEAM.STATE_LOG (LOG_ID,INVENTORY_NUMBER,STORE_NUMBER,SENSOR_ID,LOG,IN_OUT) values (6246,166,329,166,to_date('21/10/13 17:00:00','RR/MM/DD HH24:MI:SS'),'I');
Insert into ATEAM.STATE_LOG (LOG_ID,INVENTORY_NUMBER,STORE_NUMBER,SENSOR_ID,LOG,IN_OUT) values (6247,166,329,166,to_date('21/10/13 17:30:00','RR/MM/DD HH24:MI:SS'),'O');
Insert into ATEAM.STATE_LOG (LOG_ID,INVENTORY_NUMBER,STORE_NUMBER,SENSOR_ID,LOG,IN_OUT) values (6248,166,329,166,to_date('21/10/01 22:00:00','RR/MM/DD HH24:MI:SS'),'I');
Insert into ATEAM.STATE_LOG (LOG_ID,INVENTORY_NUMBER,STORE_NUMBER,SENSOR_ID,LOG,IN_OUT) values (6249,166,329,166,to_date('21/10/01 21:00:00','RR/MM/DD HH24:MI:SS'),'O');
Insert into ATEAM.STATE_LOG (LOG_ID,INVENTORY_NUMBER,STORE_NUMBER,SENSOR_ID,LOG,IN_OUT) values (6250,166,329,166,to_date('21/09/08 15:00:00','RR/MM/DD HH24:MI:SS'),'I');
Insert into ATEAM.STATE_LOG (LOG_ID,INVENTORY_NUMBER,STORE_NUMBER,SENSOR_ID,LOG,IN_OUT) values (6251,166,329,166,to_date('21/09/08 15:40:00','RR/MM/DD HH24:MI:SS'),'O');
Insert into ATEAM.STATE_LOG (LOG_ID,INVENTORY_NUMBER,STORE_NUMBER,SENSOR_ID,LOG,IN_OUT) values (6252,166,329,166,to_date('21/09/12 12:00:00','RR/MM/DD HH24:MI:SS'),'I');
Insert into ATEAM.STATE_LOG (LOG_ID,INVENTORY_NUMBER,STORE_NUMBER,SENSOR_ID,LOG,IN_OUT) values (6253,166,329,166,to_date('21/09/12 12:55:00','RR/MM/DD HH24:MI:SS'),'O');
Insert into ATEAM.STATE_LOG (LOG_ID,INVENTORY_NUMBER,STORE_NUMBER,SENSOR_ID,LOG,IN_OUT) values (6254,166,329,166,to_date('21/09/13 17:00:00','RR/MM/DD HH24:MI:SS'),'I');
Insert into ATEAM.STATE_LOG (LOG_ID,INVENTORY_NUMBER,STORE_NUMBER,SENSOR_ID,LOG,IN_OUT) values (6255,166,329,166,to_date('21/09/13 17:30:00','RR/MM/DD HH24:MI:SS'),'O');
Insert into ATEAM.STATE_LOG (LOG_ID,INVENTORY_NUMBER,STORE_NUMBER,SENSOR_ID,LOG,IN_OUT) values (6256,166,329,166,to_date('21/09/01 22:00:00','RR/MM/DD HH24:MI:SS'),'I');
Insert into ATEAM.STATE_LOG (LOG_ID,INVENTORY_NUMBER,STORE_NUMBER,SENSOR_ID,LOG,IN_OUT) values (6257,166,329,166,to_date('21/09/01 21:00:00','RR/MM/DD HH24:MI:SS'),'O');
Insert into ATEAM.STATE_LOG (LOG_ID,INVENTORY_NUMBER,STORE_NUMBER,SENSOR_ID,LOG,IN_OUT) values (6258,166,329,166,to_date('21/09/04 15:00:00','RR/MM/DD HH24:MI:SS'),'I');
Insert into ATEAM.STATE_LOG (LOG_ID,INVENTORY_NUMBER,STORE_NUMBER,SENSOR_ID,LOG,IN_OUT) values (6259,166,329,166,to_date('21/09/04 15:40:00','RR/MM/DD HH24:MI:SS'),'O');
Insert into ATEAM.STATE_LOG (LOG_ID,INVENTORY_NUMBER,STORE_NUMBER,SENSOR_ID,LOG,IN_OUT) values (6260,163,329,163,to_date('21/09/12 12:00:00','RR/MM/DD HH24:MI:SS'),'I');
Insert into ATEAM.STATE_LOG (LOG_ID,INVENTORY_NUMBER,STORE_NUMBER,SENSOR_ID,LOG,IN_OUT) values (6261,163,329,163,to_date('21/09/12 12:55:00','RR/MM/DD HH24:MI:SS'),'O');
Insert into ATEAM.STATE_LOG (LOG_ID,INVENTORY_NUMBER,STORE_NUMBER,SENSOR_ID,LOG,IN_OUT) values (6262,163,329,163,to_date('21/09/13 17:00:00','RR/MM/DD HH24:MI:SS'),'I');
Insert into ATEAM.STATE_LOG (LOG_ID,INVENTORY_NUMBER,STORE_NUMBER,SENSOR_ID,LOG,IN_OUT) values (6263,163,329,163,to_date('21/09/13 17:30:00','RR/MM/DD HH24:MI:SS'),'O');
Insert into ATEAM.STATE_LOG (LOG_ID,INVENTORY_NUMBER,STORE_NUMBER,SENSOR_ID,LOG,IN_OUT) values (6264,163,329,163,to_date('21/09/14 22:00:00','RR/MM/DD HH24:MI:SS'),'I');
Insert into ATEAM.STATE_LOG (LOG_ID,INVENTORY_NUMBER,STORE_NUMBER,SENSOR_ID,LOG,IN_OUT) values (6265,163,329,163,to_date('21/09/14 23:00:00','RR/MM/DD HH24:MI:SS'),'O');
Insert into ATEAM.STATE_LOG (LOG_ID,INVENTORY_NUMBER,STORE_NUMBER,SENSOR_ID,LOG,IN_OUT) values (6266,166,329,166,to_date('21/08/29 15:00:00','RR/MM/DD HH24:MI:SS'),'I');
Insert into ATEAM.STATE_LOG (LOG_ID,INVENTORY_NUMBER,STORE_NUMBER,SENSOR_ID,LOG,IN_OUT) values (6267,166,329,166,to_date('21/08/29 15:40:00','RR/MM/DD HH24:MI:SS'),'O');
Insert into ATEAM.STATE_LOG (LOG_ID,INVENTORY_NUMBER,STORE_NUMBER,SENSOR_ID,LOG,IN_OUT) values (6268,166,329,166,to_date('21/08/29 12:00:00','RR/MM/DD HH24:MI:SS'),'I');
Insert into ATEAM.STATE_LOG (LOG_ID,INVENTORY_NUMBER,STORE_NUMBER,SENSOR_ID,LOG,IN_OUT) values (6269,166,329,166,to_date('21/08/29 12:55:00','RR/MM/DD HH24:MI:SS'),'O');
Insert into ATEAM.STATE_LOG (LOG_ID,INVENTORY_NUMBER,STORE_NUMBER,SENSOR_ID,LOG,IN_OUT) values (6270,166,329,166,to_date('21/08/29 17:00:00','RR/MM/DD HH24:MI:SS'),'I');
Insert into ATEAM.STATE_LOG (LOG_ID,INVENTORY_NUMBER,STORE_NUMBER,SENSOR_ID,LOG,IN_OUT) values (6271,166,329,166,to_date('21/08/29 17:30:00','RR/MM/DD HH24:MI:SS'),'O');
Insert into ATEAM.STATE_LOG (LOG_ID,INVENTORY_NUMBER,STORE_NUMBER,SENSOR_ID,LOG,IN_OUT) values (6272,166,329,166,to_date('21/08/29 22:00:00','RR/MM/DD HH24:MI:SS'),'I');
Insert into ATEAM.STATE_LOG (LOG_ID,INVENTORY_NUMBER,STORE_NUMBER,SENSOR_ID,LOG,IN_OUT) values (6273,166,329,166,to_date('21/08/29 23:00:00','RR/MM/DD HH24:MI:SS'),'O');
Insert into ATEAM.STATE_LOG (LOG_ID,INVENTORY_NUMBER,STORE_NUMBER,SENSOR_ID,LOG,IN_OUT) values (6274,164,329,164,to_date('21/07/29 17:00:00','RR/MM/DD HH24:MI:SS'),'I');
Insert into ATEAM.STATE_LOG (LOG_ID,INVENTORY_NUMBER,STORE_NUMBER,SENSOR_ID,LOG,IN_OUT) values (6275,164,329,164,to_date('21/07/29 17:30:00','RR/MM/DD HH24:MI:SS'),'O');
Insert into ATEAM.STATE_LOG (LOG_ID,INVENTORY_NUMBER,STORE_NUMBER,SENSOR_ID,LOG,IN_OUT) values (6276,164,329,164,to_date('21/07/29 22:00:00','RR/MM/DD HH24:MI:SS'),'I');
Insert into ATEAM.STATE_LOG (LOG_ID,INVENTORY_NUMBER,STORE_NUMBER,SENSOR_ID,LOG,IN_OUT) values (6277,164,329,164,to_date('21/07/29 23:00:00','RR/MM/DD HH24:MI:SS'),'O');
Insert into ATEAM.STATE_LOG (LOG_ID,INVENTORY_NUMBER,STORE_NUMBER,SENSOR_ID,LOG,IN_OUT) values (6278,166,329,166,to_date('21/07/29 15:00:00','RR/MM/DD HH24:MI:SS'),'I');
Insert into ATEAM.STATE_LOG (LOG_ID,INVENTORY_NUMBER,STORE_NUMBER,SENSOR_ID,LOG,IN_OUT) values (6279,166,329,166,to_date('21/07/29 15:40:00','RR/MM/DD HH24:MI:SS'),'O');
Insert into ATEAM.STATE_LOG (LOG_ID,INVENTORY_NUMBER,STORE_NUMBER,SENSOR_ID,LOG,IN_OUT) values (6280,166,329,166,to_date('21/07/29 12:00:00','RR/MM/DD HH24:MI:SS'),'I');
Insert into ATEAM.STATE_LOG (LOG_ID,INVENTORY_NUMBER,STORE_NUMBER,SENSOR_ID,LOG,IN_OUT) values (6281,166,329,166,to_date('21/07/29 12:55:00','RR/MM/DD HH24:MI:SS'),'O');
Insert into ATEAM.STATE_LOG (LOG_ID,INVENTORY_NUMBER,STORE_NUMBER,SENSOR_ID,LOG,IN_OUT) values (6282,166,329,166,to_date('21/07/29 17:00:00','RR/MM/DD HH24:MI:SS'),'I');
Insert into ATEAM.STATE_LOG (LOG_ID,INVENTORY_NUMBER,STORE_NUMBER,SENSOR_ID,LOG,IN_OUT) values (6283,166,329,166,to_date('21/07/29 17:30:00','RR/MM/DD HH24:MI:SS'),'O');
Insert into ATEAM.STATE_LOG (LOG_ID,INVENTORY_NUMBER,STORE_NUMBER,SENSOR_ID,LOG,IN_OUT) values (6284,166,329,166,to_date('21/07/29 22:00:00','RR/MM/DD HH24:MI:SS'),'I');
Insert into ATEAM.STATE_LOG (LOG_ID,INVENTORY_NUMBER,STORE_NUMBER,SENSOR_ID,LOG,IN_OUT) values (6285,166,329,166,to_date('21/07/29 23:00:00','RR/MM/DD HH24:MI:SS'),'O');
Insert into ATEAM.STATE_LOG (LOG_ID,INVENTORY_NUMBER,STORE_NUMBER,SENSOR_ID,LOG,IN_OUT) values (6286,164,329,164,to_date('21/06/29 15:00:00','RR/MM/DD HH24:MI:SS'),'I');
Insert into ATEAM.STATE_LOG (LOG_ID,INVENTORY_NUMBER,STORE_NUMBER,SENSOR_ID,LOG,IN_OUT) values (6287,164,329,164,to_date('21/06/29 15:40:00','RR/MM/DD HH24:MI:SS'),'O');
Insert into ATEAM.STATE_LOG (LOG_ID,INVENTORY_NUMBER,STORE_NUMBER,SENSOR_ID,LOG,IN_OUT) values (6288,164,329,164,to_date('21/06/29 12:00:00','RR/MM/DD HH24:MI:SS'),'I');
Insert into ATEAM.STATE_LOG (LOG_ID,INVENTORY_NUMBER,STORE_NUMBER,SENSOR_ID,LOG,IN_OUT) values (6289,164,329,164,to_date('21/06/29 12:55:00','RR/MM/DD HH24:MI:SS'),'O');
Insert into ATEAM.STATE_LOG (LOG_ID,INVENTORY_NUMBER,STORE_NUMBER,SENSOR_ID,LOG,IN_OUT) values (6290,164,329,164,to_date('21/06/29 17:00:00','RR/MM/DD HH24:MI:SS'),'I');
Insert into ATEAM.STATE_LOG (LOG_ID,INVENTORY_NUMBER,STORE_NUMBER,SENSOR_ID,LOG,IN_OUT) values (6291,164,329,164,to_date('21/06/29 17:30:00','RR/MM/DD HH24:MI:SS'),'O');
Insert into ATEAM.STATE_LOG (LOG_ID,INVENTORY_NUMBER,STORE_NUMBER,SENSOR_ID,LOG,IN_OUT) values (6292,164,329,164,to_date('21/06/29 22:00:00','RR/MM/DD HH24:MI:SS'),'I');
Insert into ATEAM.STATE_LOG (LOG_ID,INVENTORY_NUMBER,STORE_NUMBER,SENSOR_ID,LOG,IN_OUT) values (6293,164,329,164,to_date('21/06/29 23:00:00','RR/MM/DD HH24:MI:SS'),'O');
Insert into ATEAM.STATE_LOG (LOG_ID,INVENTORY_NUMBER,STORE_NUMBER,SENSOR_ID,LOG,IN_OUT) values (6294,166,329,166,to_date('21/06/29 15:00:00','RR/MM/DD HH24:MI:SS'),'I');
Insert into ATEAM.STATE_LOG (LOG_ID,INVENTORY_NUMBER,STORE_NUMBER,SENSOR_ID,LOG,IN_OUT) values (6295,166,329,166,to_date('21/06/29 15:40:00','RR/MM/DD HH24:MI:SS'),'O');
Insert into ATEAM.STATE_LOG (LOG_ID,INVENTORY_NUMBER,STORE_NUMBER,SENSOR_ID,LOG,IN_OUT) values (6296,166,329,166,to_date('21/06/29 12:00:00','RR/MM/DD HH24:MI:SS'),'I');
Insert into ATEAM.STATE_LOG (LOG_ID,INVENTORY_NUMBER,STORE_NUMBER,SENSOR_ID,LOG,IN_OUT) values (6297,166,329,166,to_date('21/06/29 12:55:00','RR/MM/DD HH24:MI:SS'),'O');
Insert into ATEAM.STATE_LOG (LOG_ID,INVENTORY_NUMBER,STORE_NUMBER,SENSOR_ID,LOG,IN_OUT) values (6298,166,329,166,to_date('21/06/29 17:00:00','RR/MM/DD HH24:MI:SS'),'I');
Insert into ATEAM.STATE_LOG (LOG_ID,INVENTORY_NUMBER,STORE_NUMBER,SENSOR_ID,LOG,IN_OUT) values (6299,166,329,166,to_date('21/06/29 17:30:00','RR/MM/DD HH24:MI:SS'),'O');
Insert into ATEAM.STATE_LOG (LOG_ID,INVENTORY_NUMBER,STORE_NUMBER,SENSOR_ID,LOG,IN_OUT) values (6300,166,329,166,to_date('21/06/29 22:00:00','RR/MM/DD HH24:MI:SS'),'I');
Insert into ATEAM.STATE_LOG (LOG_ID,INVENTORY_NUMBER,STORE_NUMBER,SENSOR_ID,LOG,IN_OUT) values (6301,166,329,166,to_date('21/06/29 23:00:00','RR/MM/DD HH24:MI:SS'),'O');
Insert into ATEAM.STATE_LOG (LOG_ID,INVENTORY_NUMBER,STORE_NUMBER,SENSOR_ID,LOG,IN_OUT) values (6302,163,329,163,to_date('21/05/28 15:00:00','RR/MM/DD HH24:MI:SS'),'I');
Insert into ATEAM.STATE_LOG (LOG_ID,INVENTORY_NUMBER,STORE_NUMBER,SENSOR_ID,LOG,IN_OUT) values (6303,163,329,163,to_date('21/05/28 15:40:00','RR/MM/DD HH24:MI:SS'),'O');
Insert into ATEAM.STATE_LOG (LOG_ID,INVENTORY_NUMBER,STORE_NUMBER,SENSOR_ID,LOG,IN_OUT) values (6304,163,329,163,to_date('21/05/27 12:00:00','RR/MM/DD HH24:MI:SS'),'I');
Insert into ATEAM.STATE_LOG (LOG_ID,INVENTORY_NUMBER,STORE_NUMBER,SENSOR_ID,LOG,IN_OUT) values (6305,163,329,163,to_date('21/05/27 12:55:00','RR/MM/DD HH24:MI:SS'),'O');
Insert into ATEAM.STATE_LOG (LOG_ID,INVENTORY_NUMBER,STORE_NUMBER,SENSOR_ID,LOG,IN_OUT) values (6306,163,329,163,to_date('21/05/28 17:00:00','RR/MM/DD HH24:MI:SS'),'I');
Insert into ATEAM.STATE_LOG (LOG_ID,INVENTORY_NUMBER,STORE_NUMBER,SENSOR_ID,LOG,IN_OUT) values (6307,163,329,163,to_date('21/05/28 17:30:00','RR/MM/DD HH24:MI:SS'),'O');
Insert into ATEAM.STATE_LOG (LOG_ID,INVENTORY_NUMBER,STORE_NUMBER,SENSOR_ID,LOG,IN_OUT) values (6308,163,329,163,to_date('21/05/28 22:00:00','RR/MM/DD HH24:MI:SS'),'I');
Insert into ATEAM.STATE_LOG (LOG_ID,INVENTORY_NUMBER,STORE_NUMBER,SENSOR_ID,LOG,IN_OUT) values (6309,163,329,163,to_date('21/05/28 23:00:00','RR/MM/DD HH24:MI:SS'),'O');
Insert into ATEAM.STATE_LOG (LOG_ID,INVENTORY_NUMBER,STORE_NUMBER,SENSOR_ID,LOG,IN_OUT) values (6310,163,329,163,to_date('21/04/28 15:00:00','RR/MM/DD HH24:MI:SS'),'I');
Insert into ATEAM.STATE_LOG (LOG_ID,INVENTORY_NUMBER,STORE_NUMBER,SENSOR_ID,LOG,IN_OUT) values (6311,163,329,163,to_date('21/04/28 15:40:00','RR/MM/DD HH24:MI:SS'),'O');
Insert into ATEAM.STATE_LOG (LOG_ID,INVENTORY_NUMBER,STORE_NUMBER,SENSOR_ID,LOG,IN_OUT) values (6312,163,329,163,to_date('21/04/27 12:00:00','RR/MM/DD HH24:MI:SS'),'I');
Insert into ATEAM.STATE_LOG (LOG_ID,INVENTORY_NUMBER,STORE_NUMBER,SENSOR_ID,LOG,IN_OUT) values (6313,163,329,163,to_date('21/04/27 12:55:00','RR/MM/DD HH24:MI:SS'),'O');
Insert into ATEAM.STATE_LOG (LOG_ID,INVENTORY_NUMBER,STORE_NUMBER,SENSOR_ID,LOG,IN_OUT) values (6314,163,329,163,to_date('21/04/28 17:00:00','RR/MM/DD HH24:MI:SS'),'I');
Insert into ATEAM.STATE_LOG (LOG_ID,INVENTORY_NUMBER,STORE_NUMBER,SENSOR_ID,LOG,IN_OUT) values (6315,163,329,163,to_date('21/04/28 17:30:00','RR/MM/DD HH24:MI:SS'),'O');
Insert into ATEAM.STATE_LOG (LOG_ID,INVENTORY_NUMBER,STORE_NUMBER,SENSOR_ID,LOG,IN_OUT) values (6316,163,329,163,to_date('21/04/28 22:00:00','RR/MM/DD HH24:MI:SS'),'I');
Insert into ATEAM.STATE_LOG (LOG_ID,INVENTORY_NUMBER,STORE_NUMBER,SENSOR_ID,LOG,IN_OUT) values (6317,163,329,163,to_date('21/04/28 23:00:00','RR/MM/DD HH24:MI:SS'),'O');
Insert into ATEAM.STATE_LOG (LOG_ID,INVENTORY_NUMBER,STORE_NUMBER,SENSOR_ID,LOG,IN_OUT) values (6318,164,329,164,to_date('21/04/29 15:00:00','RR/MM/DD HH24:MI:SS'),'I');
Insert into ATEAM.STATE_LOG (LOG_ID,INVENTORY_NUMBER,STORE_NUMBER,SENSOR_ID,LOG,IN_OUT) values (6319,164,329,164,to_date('21/04/29 15:40:00','RR/MM/DD HH24:MI:SS'),'O');
Insert into ATEAM.STATE_LOG (LOG_ID,INVENTORY_NUMBER,STORE_NUMBER,SENSOR_ID,LOG,IN_OUT) values (6320,164,329,164,to_date('21/04/29 12:00:00','RR/MM/DD HH24:MI:SS'),'I');
Insert into ATEAM.STATE_LOG (LOG_ID,INVENTORY_NUMBER,STORE_NUMBER,SENSOR_ID,LOG,IN_OUT) values (6321,164,329,164,to_date('21/04/29 12:55:00','RR/MM/DD HH24:MI:SS'),'O');
Insert into ATEAM.STATE_LOG (LOG_ID,INVENTORY_NUMBER,STORE_NUMBER,SENSOR_ID,LOG,IN_OUT) values (6322,164,329,164,to_date('21/04/29 17:00:00','RR/MM/DD HH24:MI:SS'),'I');
Insert into ATEAM.STATE_LOG (LOG_ID,INVENTORY_NUMBER,STORE_NUMBER,SENSOR_ID,LOG,IN_OUT) values (6323,164,329,164,to_date('21/04/29 17:30:00','RR/MM/DD HH24:MI:SS'),'O');
Insert into ATEAM.STATE_LOG (LOG_ID,INVENTORY_NUMBER,STORE_NUMBER,SENSOR_ID,LOG,IN_OUT) values (6324,164,329,164,to_date('21/04/29 22:00:00','RR/MM/DD HH24:MI:SS'),'I');
Insert into ATEAM.STATE_LOG (LOG_ID,INVENTORY_NUMBER,STORE_NUMBER,SENSOR_ID,LOG,IN_OUT) values (6325,164,329,164,to_date('21/04/29 23:00:00','RR/MM/DD HH24:MI:SS'),'O');
Insert into ATEAM.STATE_LOG (LOG_ID,INVENTORY_NUMBER,STORE_NUMBER,SENSOR_ID,LOG,IN_OUT) values (6326,163,329,163,to_date('21/03/28 15:00:00','RR/MM/DD HH24:MI:SS'),'I');
Insert into ATEAM.STATE_LOG (LOG_ID,INVENTORY_NUMBER,STORE_NUMBER,SENSOR_ID,LOG,IN_OUT) values (6327,163,329,163,to_date('21/03/28 15:40:00','RR/MM/DD HH24:MI:SS'),'O');
Insert into ATEAM.STATE_LOG (LOG_ID,INVENTORY_NUMBER,STORE_NUMBER,SENSOR_ID,LOG,IN_OUT) values (6328,163,329,163,to_date('21/03/27 12:00:00','RR/MM/DD HH24:MI:SS'),'I');
Insert into ATEAM.STATE_LOG (LOG_ID,INVENTORY_NUMBER,STORE_NUMBER,SENSOR_ID,LOG,IN_OUT) values (6329,163,329,163,to_date('21/03/27 12:55:00','RR/MM/DD HH24:MI:SS'),'O');
Insert into ATEAM.STATE_LOG (LOG_ID,INVENTORY_NUMBER,STORE_NUMBER,SENSOR_ID,LOG,IN_OUT) values (6330,163,329,163,to_date('21/03/28 17:00:00','RR/MM/DD HH24:MI:SS'),'I');
Insert into ATEAM.STATE_LOG (LOG_ID,INVENTORY_NUMBER,STORE_NUMBER,SENSOR_ID,LOG,IN_OUT) values (6331,163,329,163,to_date('21/03/28 17:30:00','RR/MM/DD HH24:MI:SS'),'O');
Insert into ATEAM.STATE_LOG (LOG_ID,INVENTORY_NUMBER,STORE_NUMBER,SENSOR_ID,LOG,IN_OUT) values (6332,163,329,163,to_date('21/03/28 22:00:00','RR/MM/DD HH24:MI:SS'),'I');
Insert into ATEAM.STATE_LOG (LOG_ID,INVENTORY_NUMBER,STORE_NUMBER,SENSOR_ID,LOG,IN_OUT) values (6333,163,329,163,to_date('21/03/28 23:00:00','RR/MM/DD HH24:MI:SS'),'O');
Insert into ATEAM.STATE_LOG (LOG_ID,INVENTORY_NUMBER,STORE_NUMBER,SENSOR_ID,LOG,IN_OUT) values (6334,164,329,164,to_date('21/03/29 15:00:00','RR/MM/DD HH24:MI:SS'),'I');
Insert into ATEAM.STATE_LOG (LOG_ID,INVENTORY_NUMBER,STORE_NUMBER,SENSOR_ID,LOG,IN_OUT) values (6335,164,329,164,to_date('21/03/29 15:40:00','RR/MM/DD HH24:MI:SS'),'O');
Insert into ATEAM.STATE_LOG (LOG_ID,INVENTORY_NUMBER,STORE_NUMBER,SENSOR_ID,LOG,IN_OUT) values (6336,164,329,164,to_date('21/03/29 12:00:00','RR/MM/DD HH24:MI:SS'),'I');
Insert into ATEAM.STATE_LOG (LOG_ID,INVENTORY_NUMBER,STORE_NUMBER,SENSOR_ID,LOG,IN_OUT) values (6337,164,329,164,to_date('21/03/29 12:55:00','RR/MM/DD HH24:MI:SS'),'O');
Insert into ATEAM.STATE_LOG (LOG_ID,INVENTORY_NUMBER,STORE_NUMBER,SENSOR_ID,LOG,IN_OUT) values (6338,164,329,164,to_date('21/03/29 17:00:00','RR/MM/DD HH24:MI:SS'),'I');
Insert into ATEAM.STATE_LOG (LOG_ID,INVENTORY_NUMBER,STORE_NUMBER,SENSOR_ID,LOG,IN_OUT) values (6339,164,329,164,to_date('21/03/29 17:30:00','RR/MM/DD HH24:MI:SS'),'O');
Insert into ATEAM.STATE_LOG (LOG_ID,INVENTORY_NUMBER,STORE_NUMBER,SENSOR_ID,LOG,IN_OUT) values (6340,164,329,164,to_date('21/03/29 22:00:00','RR/MM/DD HH24:MI:SS'),'I');
Insert into ATEAM.STATE_LOG (LOG_ID,INVENTORY_NUMBER,STORE_NUMBER,SENSOR_ID,LOG,IN_OUT) values (6341,164,329,164,to_date('21/03/29 23:00:00','RR/MM/DD HH24:MI:SS'),'O');
Insert into ATEAM.STATE_LOG (LOG_ID,INVENTORY_NUMBER,STORE_NUMBER,SENSOR_ID,LOG,IN_OUT) values (6342,166,329,166,to_date('21/03/29 15:00:00','RR/MM/DD HH24:MI:SS'),'I');
Insert into ATEAM.STATE_LOG (LOG_ID,INVENTORY_NUMBER,STORE_NUMBER,SENSOR_ID,LOG,IN_OUT) values (6343,166,329,166,to_date('21/03/29 15:40:00','RR/MM/DD HH24:MI:SS'),'O');
Insert into ATEAM.STATE_LOG (LOG_ID,INVENTORY_NUMBER,STORE_NUMBER,SENSOR_ID,LOG,IN_OUT) values (6344,166,329,166,to_date('21/03/29 12:00:00','RR/MM/DD HH24:MI:SS'),'I');
Insert into ATEAM.STATE_LOG (LOG_ID,INVENTORY_NUMBER,STORE_NUMBER,SENSOR_ID,LOG,IN_OUT) values (6345,166,329,166,to_date('21/03/29 12:55:00','RR/MM/DD HH24:MI:SS'),'O');
Insert into ATEAM.STATE_LOG (LOG_ID,INVENTORY_NUMBER,STORE_NUMBER,SENSOR_ID,LOG,IN_OUT) values (6346,166,329,166,to_date('21/03/29 17:00:00','RR/MM/DD HH24:MI:SS'),'I');
Insert into ATEAM.STATE_LOG (LOG_ID,INVENTORY_NUMBER,STORE_NUMBER,SENSOR_ID,LOG,IN_OUT) values (6347,166,329,166,to_date('21/03/29 17:30:00','RR/MM/DD HH24:MI:SS'),'O');
Insert into ATEAM.STATE_LOG (LOG_ID,INVENTORY_NUMBER,STORE_NUMBER,SENSOR_ID,LOG,IN_OUT) values (6348,166,329,166,to_date('21/03/29 22:00:00','RR/MM/DD HH24:MI:SS'),'I');
Insert into ATEAM.STATE_LOG (LOG_ID,INVENTORY_NUMBER,STORE_NUMBER,SENSOR_ID,LOG,IN_OUT) values (6349,166,329,166,to_date('21/03/29 23:00:00','RR/MM/DD HH24:MI:SS'),'O');
Insert into ATEAM.STATE_LOG (LOG_ID,INVENTORY_NUMBER,STORE_NUMBER,SENSOR_ID,LOG,IN_OUT) values (6350,166,329,166,to_date('21/02/08 15:00:00','RR/MM/DD HH24:MI:SS'),'I');
Insert into ATEAM.STATE_LOG (LOG_ID,INVENTORY_NUMBER,STORE_NUMBER,SENSOR_ID,LOG,IN_OUT) values (6351,166,329,166,to_date('21/02/08 15:40:00','RR/MM/DD HH24:MI:SS'),'O');
Insert into ATEAM.STATE_LOG (LOG_ID,INVENTORY_NUMBER,STORE_NUMBER,SENSOR_ID,LOG,IN_OUT) values (6352,166,329,166,to_date('21/02/12 12:00:00','RR/MM/DD HH24:MI:SS'),'I');
Insert into ATEAM.STATE_LOG (LOG_ID,INVENTORY_NUMBER,STORE_NUMBER,SENSOR_ID,LOG,IN_OUT) values (6353,166,329,166,to_date('21/02/12 12:55:00','RR/MM/DD HH24:MI:SS'),'O');
Insert into ATEAM.STATE_LOG (LOG_ID,INVENTORY_NUMBER,STORE_NUMBER,SENSOR_ID,LOG,IN_OUT) values (6394,164,329,164,to_date('21/12/28 12:22:24','RR/MM/DD HH24:MI:SS'),'O');
Insert into ATEAM.STATE_LOG (LOG_ID,INVENTORY_NUMBER,STORE_NUMBER,SENSOR_ID,LOG,IN_OUT) values (6355,166,329,166,to_date('21/02/13 17:30:00','RR/MM/DD HH24:MI:SS'),'O');
Insert into ATEAM.STATE_LOG (LOG_ID,INVENTORY_NUMBER,STORE_NUMBER,SENSOR_ID,LOG,IN_OUT) values (6356,166,329,166,to_date('21/02/01 22:00:00','RR/MM/DD HH24:MI:SS'),'I');
Insert into ATEAM.STATE_LOG (LOG_ID,INVENTORY_NUMBER,STORE_NUMBER,SENSOR_ID,LOG,IN_OUT) values (6357,166,329,166,to_date('21/02/01 21:00:00','RR/MM/DD HH24:MI:SS'),'O');
Insert into ATEAM.STATE_LOG (LOG_ID,INVENTORY_NUMBER,STORE_NUMBER,SENSOR_ID,LOG,IN_OUT) values (6358,166,329,166,to_date('21/02/04 15:00:00','RR/MM/DD HH24:MI:SS'),'I');
Insert into ATEAM.STATE_LOG (LOG_ID,INVENTORY_NUMBER,STORE_NUMBER,SENSOR_ID,LOG,IN_OUT) values (6359,166,329,166,to_date('21/02/04 15:40:00','RR/MM/DD HH24:MI:SS'),'O');
Insert into ATEAM.STATE_LOG (LOG_ID,INVENTORY_NUMBER,STORE_NUMBER,SENSOR_ID,LOG,IN_OUT) values (6360,163,329,163,to_date('21/02/12 12:00:00','RR/MM/DD HH24:MI:SS'),'I');
Insert into ATEAM.STATE_LOG (LOG_ID,INVENTORY_NUMBER,STORE_NUMBER,SENSOR_ID,LOG,IN_OUT) values (6395,165,329,165,to_date('21/12/28 12:22:24','RR/MM/DD HH24:MI:SS'),'O');
Insert into ATEAM.STATE_LOG (LOG_ID,INVENTORY_NUMBER,STORE_NUMBER,SENSOR_ID,LOG,IN_OUT) values (6362,163,329,163,to_date('21/02/13 17:00:00','RR/MM/DD HH24:MI:SS'),'I');
Insert into ATEAM.STATE_LOG (LOG_ID,INVENTORY_NUMBER,STORE_NUMBER,SENSOR_ID,LOG,IN_OUT) values (6363,163,329,163,to_date('21/02/13 17:30:00','RR/MM/DD HH24:MI:SS'),'O');
Insert into ATEAM.STATE_LOG (LOG_ID,INVENTORY_NUMBER,STORE_NUMBER,SENSOR_ID,LOG,IN_OUT) values (6364,164,329,164,to_date('21/01/29 22:00:00','RR/MM/DD HH24:MI:SS'),'I');
Insert into ATEAM.STATE_LOG (LOG_ID,INVENTORY_NUMBER,STORE_NUMBER,SENSOR_ID,LOG,IN_OUT) values (6365,164,329,164,to_date('21/01/29 23:00:00','RR/MM/DD HH24:MI:SS'),'O');
Insert into ATEAM.STATE_LOG (LOG_ID,INVENTORY_NUMBER,STORE_NUMBER,SENSOR_ID,LOG,IN_OUT) values (6366,166,329,166,to_date('21/01/29 15:00:00','RR/MM/DD HH24:MI:SS'),'I');
Insert into ATEAM.STATE_LOG (LOG_ID,INVENTORY_NUMBER,STORE_NUMBER,SENSOR_ID,LOG,IN_OUT) values (6367,166,329,166,to_date('21/01/29 15:40:00','RR/MM/DD HH24:MI:SS'),'O');
Insert into ATEAM.STATE_LOG (LOG_ID,INVENTORY_NUMBER,STORE_NUMBER,SENSOR_ID,LOG,IN_OUT) values (6368,166,329,166,to_date('21/01/29 12:00:00','RR/MM/DD HH24:MI:SS'),'I');
Insert into ATEAM.STATE_LOG (LOG_ID,INVENTORY_NUMBER,STORE_NUMBER,SENSOR_ID,LOG,IN_OUT) values (6369,166,329,166,to_date('21/01/29 12:55:00','RR/MM/DD HH24:MI:SS'),'O');
Insert into ATEAM.STATE_LOG (LOG_ID,INVENTORY_NUMBER,STORE_NUMBER,SENSOR_ID,LOG,IN_OUT) values (6370,166,329,166,to_date('21/01/29 17:00:00','RR/MM/DD HH24:MI:SS'),'I');
Insert into ATEAM.STATE_LOG (LOG_ID,INVENTORY_NUMBER,STORE_NUMBER,SENSOR_ID,LOG,IN_OUT) values (6371,166,329,166,to_date('21/01/29 17:30:00','RR/MM/DD HH24:MI:SS'),'O');
Insert into ATEAM.STATE_LOG (LOG_ID,INVENTORY_NUMBER,STORE_NUMBER,SENSOR_ID,LOG,IN_OUT) values (6372,166,329,166,to_date('21/01/29 22:00:00','RR/MM/DD HH24:MI:SS'),'I');
Insert into ATEAM.STATE_LOG (LOG_ID,INVENTORY_NUMBER,STORE_NUMBER,SENSOR_ID,LOG,IN_OUT) values (6373,166,329,166,to_date('21/01/29 23:00:00','RR/MM/DD HH24:MI:SS'),'O');
Insert into ATEAM.STATE_LOG (LOG_ID,INVENTORY_NUMBER,STORE_NUMBER,SENSOR_ID,LOG,IN_OUT) values (6374,164,329,164,to_date('21/12/28 09:00:00','RR/MM/DD HH24:MI:SS'),'I');
Insert into ATEAM.STATE_LOG (LOG_ID,INVENTORY_NUMBER,STORE_NUMBER,SENSOR_ID,LOG,IN_OUT) values (6375,164,329,164,to_date('21/12/28 09:40:00','RR/MM/DD HH24:MI:SS'),'O');
Insert into ATEAM.STATE_LOG (LOG_ID,INVENTORY_NUMBER,STORE_NUMBER,SENSOR_ID,LOG,IN_OUT) values (6376,164,329,164,to_date('21/12/28 12:00:00','RR/MM/DD HH24:MI:SS'),'I');
Insert into ATEAM.STATE_LOG (LOG_ID,INVENTORY_NUMBER,STORE_NUMBER,SENSOR_ID,LOG,IN_OUT) values (6377,164,329,164,to_date('21/12/28 12:30:00','RR/MM/DD HH24:MI:SS'),'O');
Insert into ATEAM.STATE_LOG (LOG_ID,INVENTORY_NUMBER,STORE_NUMBER,SENSOR_ID,LOG,IN_OUT) values (6378,163,329,163,to_date('21/12/29 15:00:00','RR/MM/DD HH24:MI:SS'),'I');
Insert into ATEAM.STATE_LOG (LOG_ID,INVENTORY_NUMBER,STORE_NUMBER,SENSOR_ID,LOG,IN_OUT) values (6379,163,329,163,to_date('21/12/29 15:40:00','RR/MM/DD HH24:MI:SS'),'O');
Insert into ATEAM.STATE_LOG (LOG_ID,INVENTORY_NUMBER,STORE_NUMBER,SENSOR_ID,LOG,IN_OUT) values (6380,163,329,163,to_date('21/12/29 12:00:00','RR/MM/DD HH24:MI:SS'),'I');
Insert into ATEAM.STATE_LOG (LOG_ID,INVENTORY_NUMBER,STORE_NUMBER,SENSOR_ID,LOG,IN_OUT) values (6381,163,329,163,to_date('21/12/29 12:55:00','RR/MM/DD HH24:MI:SS'),'O');
Insert into ATEAM.STATE_LOG (LOG_ID,INVENTORY_NUMBER,STORE_NUMBER,SENSOR_ID,LOG,IN_OUT) values (6382,163,329,163,to_date('21/12/29 17:00:00','RR/MM/DD HH24:MI:SS'),'I');
Insert into ATEAM.STATE_LOG (LOG_ID,INVENTORY_NUMBER,STORE_NUMBER,SENSOR_ID,LOG,IN_OUT) values (6383,163,329,163,to_date('21/12/29 17:30:00','RR/MM/DD HH24:MI:SS'),'O');
Insert into ATEAM.STATE_LOG (LOG_ID,INVENTORY_NUMBER,STORE_NUMBER,SENSOR_ID,LOG,IN_OUT) values (6396,163,329,163,to_date('21/12/28 12:22:35','RR/MM/DD HH24:MI:SS'),'O');
Insert into ATEAM.STATE_LOG (LOG_ID,INVENTORY_NUMBER,STORE_NUMBER,SENSOR_ID,LOG,IN_OUT) values (6397,164,329,164,to_date('21/12/28 12:22:35','RR/MM/DD HH24:MI:SS'),'I');
Insert into ATEAM.STATE_LOG (LOG_ID,INVENTORY_NUMBER,STORE_NUMBER,SENSOR_ID,LOG,IN_OUT) values (6386,163,329,163,to_date('21/12/29 10:00:00','RR/MM/DD HH24:MI:SS'),'I');
Insert into ATEAM.STATE_LOG (LOG_ID,INVENTORY_NUMBER,STORE_NUMBER,SENSOR_ID,LOG,IN_OUT) values (6387,163,329,163,to_date('21/12/29 10:40:00','RR/MM/DD HH24:MI:SS'),'O');
Insert into ATEAM.STATE_LOG (LOG_ID,INVENTORY_NUMBER,STORE_NUMBER,SENSOR_ID,LOG,IN_OUT) values (6388,163,329,163,to_date('21/12/12 10:00:00','RR/MM/DD HH24:MI:SS'),'I');
Insert into ATEAM.STATE_LOG (LOG_ID,INVENTORY_NUMBER,STORE_NUMBER,SENSOR_ID,LOG,IN_OUT) values (6389,163,329,163,to_date('21/12/12 10:55:00','RR/MM/DD HH24:MI:SS'),'O');
Insert into ATEAM.STATE_LOG (LOG_ID,INVENTORY_NUMBER,STORE_NUMBER,SENSOR_ID,LOG,IN_OUT) values (6398,165,329,165,to_date('21/12/28 12:22:35','RR/MM/DD HH24:MI:SS'),'O');
Insert into ATEAM.STATE_LOG (LOG_ID,INVENTORY_NUMBER,STORE_NUMBER,SENSOR_ID,LOG,IN_OUT) values (6399,163,329,163,to_date('21/12/28 12:23:02','RR/MM/DD HH24:MI:SS'),'O');
Insert into ATEAM.STATE_LOG (LOG_ID,INVENTORY_NUMBER,STORE_NUMBER,SENSOR_ID,LOG,IN_OUT) values (6400,164,329,164,to_date('21/12/28 12:23:02','RR/MM/DD HH24:MI:SS'),'I');
Insert into ATEAM.STATE_LOG (LOG_ID,INVENTORY_NUMBER,STORE_NUMBER,SENSOR_ID,LOG,IN_OUT) values (6401,165,329,165,to_date('21/12/28 12:23:02','RR/MM/DD HH24:MI:SS'),'O');
Insert into ATEAM.STATE_LOG (LOG_ID,INVENTORY_NUMBER,STORE_NUMBER,SENSOR_ID,LOG,IN_OUT) values (6402,163,329,163,to_date('21/12/28 12:23:13','RR/MM/DD HH24:MI:SS'),'O');
Insert into ATEAM.STATE_LOG (LOG_ID,INVENTORY_NUMBER,STORE_NUMBER,SENSOR_ID,LOG,IN_OUT) values (6403,164,329,164,to_date('21/12/28 12:23:13','RR/MM/DD HH24:MI:SS'),'O');
Insert into ATEAM.STATE_LOG (LOG_ID,INVENTORY_NUMBER,STORE_NUMBER,SENSOR_ID,LOG,IN_OUT) values (6404,165,329,165,to_date('21/12/28 12:23:13','RR/MM/DD HH24:MI:SS'),'O');
Insert into ATEAM.STATE_LOG (LOG_ID,INVENTORY_NUMBER,STORE_NUMBER,SENSOR_ID,LOG,IN_OUT) values (6405,163,329,163,to_date('21/12/28 12:23:51','RR/MM/DD HH24:MI:SS'),'O');
Insert into ATEAM.STATE_LOG (LOG_ID,INVENTORY_NUMBER,STORE_NUMBER,SENSOR_ID,LOG,IN_OUT) values (6406,164,329,164,to_date('21/12/28 12:23:51','RR/MM/DD HH24:MI:SS'),'O');
Insert into ATEAM.STATE_LOG (LOG_ID,INVENTORY_NUMBER,STORE_NUMBER,SENSOR_ID,LOG,IN_OUT) values (6407,165,329,165,to_date('21/12/28 12:23:51','RR/MM/DD HH24:MI:SS'),'O');
Insert into ATEAM.STATE_LOG (LOG_ID,INVENTORY_NUMBER,STORE_NUMBER,SENSOR_ID,LOG,IN_OUT) values (6408,163,329,163,to_date('21/12/28 12:24:02','RR/MM/DD HH24:MI:SS'),'O');
Insert into ATEAM.STATE_LOG (LOG_ID,INVENTORY_NUMBER,STORE_NUMBER,SENSOR_ID,LOG,IN_OUT) values (6409,164,329,164,to_date('21/12/28 12:24:02','RR/MM/DD HH24:MI:SS'),'O');
Insert into ATEAM.STATE_LOG (LOG_ID,INVENTORY_NUMBER,STORE_NUMBER,SENSOR_ID,LOG,IN_OUT) values (6644,165,329,165,to_date('21/12/28 12:58:47','RR/MM/DD HH24:MI:SS'),'O');
Insert into ATEAM.STATE_LOG (LOG_ID,INVENTORY_NUMBER,STORE_NUMBER,SENSOR_ID,LOG,IN_OUT) values (6645,163,329,163,to_date('21/12/28 12:58:58','RR/MM/DD HH24:MI:SS'),'O');
Insert into ATEAM.STATE_LOG (LOG_ID,INVENTORY_NUMBER,STORE_NUMBER,SENSOR_ID,LOG,IN_OUT) values (6646,164,329,164,to_date('21/12/28 12:58:58','RR/MM/DD HH24:MI:SS'),'O');
Insert into ATEAM.STATE_LOG (LOG_ID,INVENTORY_NUMBER,STORE_NUMBER,SENSOR_ID,LOG,IN_OUT) values (6647,165,329,165,to_date('21/12/28 12:58:58','RR/MM/DD HH24:MI:SS'),'O');
Insert into ATEAM.STATE_LOG (LOG_ID,INVENTORY_NUMBER,STORE_NUMBER,SENSOR_ID,LOG,IN_OUT) values (6648,163,329,163,to_date('21/12/28 13:00:20','RR/MM/DD HH24:MI:SS'),'O');
Insert into ATEAM.STATE_LOG (LOG_ID,INVENTORY_NUMBER,STORE_NUMBER,SENSOR_ID,LOG,IN_OUT) values (6649,164,329,164,to_date('21/12/28 13:00:20','RR/MM/DD HH24:MI:SS'),'O');
Insert into ATEAM.STATE_LOG (LOG_ID,INVENTORY_NUMBER,STORE_NUMBER,SENSOR_ID,LOG,IN_OUT) values (6650,165,329,165,to_date('21/12/28 13:00:20','RR/MM/DD HH24:MI:SS'),'O');
Insert into ATEAM.STATE_LOG (LOG_ID,INVENTORY_NUMBER,STORE_NUMBER,SENSOR_ID,LOG,IN_OUT) values (6651,163,329,163,to_date('21/12/28 13:00:31','RR/MM/DD HH24:MI:SS'),'O');
Insert into ATEAM.STATE_LOG (LOG_ID,INVENTORY_NUMBER,STORE_NUMBER,SENSOR_ID,LOG,IN_OUT) values (6652,164,329,164,to_date('21/12/28 13:00:31','RR/MM/DD HH24:MI:SS'),'O');
Insert into ATEAM.STATE_LOG (LOG_ID,INVENTORY_NUMBER,STORE_NUMBER,SENSOR_ID,LOG,IN_OUT) values (6653,165,329,165,to_date('21/12/28 13:00:31','RR/MM/DD HH24:MI:SS'),'O');
Insert into ATEAM.STATE_LOG (LOG_ID,INVENTORY_NUMBER,STORE_NUMBER,SENSOR_ID,LOG,IN_OUT) values (6654,163,329,163,to_date('21/12/28 13:00:42','RR/MM/DD HH24:MI:SS'),'O');
Insert into ATEAM.STATE_LOG (LOG_ID,INVENTORY_NUMBER,STORE_NUMBER,SENSOR_ID,LOG,IN_OUT) values (6655,164,329,164,to_date('21/12/28 13:00:42','RR/MM/DD HH24:MI:SS'),'O');
Insert into ATEAM.STATE_LOG (LOG_ID,INVENTORY_NUMBER,STORE_NUMBER,SENSOR_ID,LOG,IN_OUT) values (6656,165,329,165,to_date('21/12/28 13:00:42','RR/MM/DD HH24:MI:SS'),'O');
Insert into ATEAM.STATE_LOG (LOG_ID,INVENTORY_NUMBER,STORE_NUMBER,SENSOR_ID,LOG,IN_OUT) values (6657,163,329,163,to_date('21/12/28 13:00:53','RR/MM/DD HH24:MI:SS'),'O');
Insert into ATEAM.STATE_LOG (LOG_ID,INVENTORY_NUMBER,STORE_NUMBER,SENSOR_ID,LOG,IN_OUT) values (6658,164,329,164,to_date('21/12/28 13:00:53','RR/MM/DD HH24:MI:SS'),'O');
Insert into ATEAM.STATE_LOG (LOG_ID,INVENTORY_NUMBER,STORE_NUMBER,SENSOR_ID,LOG,IN_OUT) values (6659,165,329,165,to_date('21/12/28 13:00:53','RR/MM/DD HH24:MI:SS'),'O');
Insert into ATEAM.STATE_LOG (LOG_ID,INVENTORY_NUMBER,STORE_NUMBER,SENSOR_ID,LOG,IN_OUT) values (6660,163,329,163,to_date('21/12/28 13:01:04','RR/MM/DD HH24:MI:SS'),'O');
Insert into ATEAM.STATE_LOG (LOG_ID,INVENTORY_NUMBER,STORE_NUMBER,SENSOR_ID,LOG,IN_OUT) values (6661,164,329,164,to_date('21/12/28 13:01:04','RR/MM/DD HH24:MI:SS'),'O');
Insert into ATEAM.STATE_LOG (LOG_ID,INVENTORY_NUMBER,STORE_NUMBER,SENSOR_ID,LOG,IN_OUT) values (6662,165,329,165,to_date('21/12/28 13:01:04','RR/MM/DD HH24:MI:SS'),'O');
Insert into ATEAM.STATE_LOG (LOG_ID,INVENTORY_NUMBER,STORE_NUMBER,SENSOR_ID,LOG,IN_OUT) values (6663,163,329,163,to_date('21/12/28 13:01:20','RR/MM/DD HH24:MI:SS'),'O');
Insert into ATEAM.STATE_LOG (LOG_ID,INVENTORY_NUMBER,STORE_NUMBER,SENSOR_ID,LOG,IN_OUT) values (6664,164,329,164,to_date('21/12/28 13:01:20','RR/MM/DD HH24:MI:SS'),'O');
Insert into ATEAM.STATE_LOG (LOG_ID,INVENTORY_NUMBER,STORE_NUMBER,SENSOR_ID,LOG,IN_OUT) values (6665,165,329,165,to_date('21/12/28 13:01:20','RR/MM/DD HH24:MI:SS'),'O');
Insert into ATEAM.STATE_LOG (LOG_ID,INVENTORY_NUMBER,STORE_NUMBER,SENSOR_ID,LOG,IN_OUT) values (6666,163,329,163,to_date('21/12/28 13:01:48','RR/MM/DD HH24:MI:SS'),'O');
Insert into ATEAM.STATE_LOG (LOG_ID,INVENTORY_NUMBER,STORE_NUMBER,SENSOR_ID,LOG,IN_OUT) values (6667,164,329,164,to_date('21/12/28 13:01:48','RR/MM/DD HH24:MI:SS'),'O');
Insert into ATEAM.STATE_LOG (LOG_ID,INVENTORY_NUMBER,STORE_NUMBER,SENSOR_ID,LOG,IN_OUT) values (6668,165,329,165,to_date('21/12/28 13:01:48','RR/MM/DD HH24:MI:SS'),'O');
Insert into ATEAM.STATE_LOG (LOG_ID,INVENTORY_NUMBER,STORE_NUMBER,SENSOR_ID,LOG,IN_OUT) values (6669,163,329,163,to_date('21/12/28 13:01:59','RR/MM/DD HH24:MI:SS'),'O');
Insert into ATEAM.STATE_LOG (LOG_ID,INVENTORY_NUMBER,STORE_NUMBER,SENSOR_ID,LOG,IN_OUT) values (6670,164,329,164,to_date('21/12/28 13:01:59','RR/MM/DD HH24:MI:SS'),'O');
Insert into ATEAM.STATE_LOG (LOG_ID,INVENTORY_NUMBER,STORE_NUMBER,SENSOR_ID,LOG,IN_OUT) values (6671,165,329,165,to_date('21/12/28 13:01:59','RR/MM/DD HH24:MI:SS'),'O');
Insert into ATEAM.STATE_LOG (LOG_ID,INVENTORY_NUMBER,STORE_NUMBER,SENSOR_ID,LOG,IN_OUT) values (6672,163,329,163,to_date('21/12/28 13:02:10','RR/MM/DD HH24:MI:SS'),'O');
Insert into ATEAM.STATE_LOG (LOG_ID,INVENTORY_NUMBER,STORE_NUMBER,SENSOR_ID,LOG,IN_OUT) values (6673,164,329,164,to_date('21/12/28 13:02:10','RR/MM/DD HH24:MI:SS'),'O');
Insert into ATEAM.STATE_LOG (LOG_ID,INVENTORY_NUMBER,STORE_NUMBER,SENSOR_ID,LOG,IN_OUT) values (6674,165,329,165,to_date('21/12/28 13:02:10','RR/MM/DD HH24:MI:SS'),'O');
Insert into ATEAM.STATE_LOG (LOG_ID,INVENTORY_NUMBER,STORE_NUMBER,SENSOR_ID,LOG,IN_OUT) values (6675,163,329,163,to_date('21/12/28 13:02:21','RR/MM/DD HH24:MI:SS'),'O');
Insert into ATEAM.STATE_LOG (LOG_ID,INVENTORY_NUMBER,STORE_NUMBER,SENSOR_ID,LOG,IN_OUT) values (6676,164,329,164,to_date('21/12/28 13:02:21','RR/MM/DD HH24:MI:SS'),'O');
Insert into ATEAM.STATE_LOG (LOG_ID,INVENTORY_NUMBER,STORE_NUMBER,SENSOR_ID,LOG,IN_OUT) values (6677,165,329,165,to_date('21/12/28 13:02:21','RR/MM/DD HH24:MI:SS'),'O');
Insert into ATEAM.STATE_LOG (LOG_ID,INVENTORY_NUMBER,STORE_NUMBER,SENSOR_ID,LOG,IN_OUT) values (6678,163,329,163,to_date('21/12/28 13:02:32','RR/MM/DD HH24:MI:SS'),'O');
Insert into ATEAM.STATE_LOG (LOG_ID,INVENTORY_NUMBER,STORE_NUMBER,SENSOR_ID,LOG,IN_OUT) values (6679,164,329,164,to_date('21/12/28 13:02:32','RR/MM/DD HH24:MI:SS'),'O');
Insert into ATEAM.STATE_LOG (LOG_ID,INVENTORY_NUMBER,STORE_NUMBER,SENSOR_ID,LOG,IN_OUT) values (6680,165,329,165,to_date('21/12/28 13:02:32','RR/MM/DD HH24:MI:SS'),'O');
Insert into ATEAM.STATE_LOG (LOG_ID,INVENTORY_NUMBER,STORE_NUMBER,SENSOR_ID,LOG,IN_OUT) values (6681,163,329,163,to_date('21/12/28 13:03:16','RR/MM/DD HH24:MI:SS'),'O');
Insert into ATEAM.STATE_LOG (LOG_ID,INVENTORY_NUMBER,STORE_NUMBER,SENSOR_ID,LOG,IN_OUT) values (6682,164,329,164,to_date('21/12/28 13:03:16','RR/MM/DD HH24:MI:SS'),'O');
Insert into ATEAM.STATE_LOG (LOG_ID,INVENTORY_NUMBER,STORE_NUMBER,SENSOR_ID,LOG,IN_OUT) values (6683,165,329,165,to_date('21/12/28 13:03:16','RR/MM/DD HH24:MI:SS'),'O');
Insert into ATEAM.STATE_LOG (LOG_ID,INVENTORY_NUMBER,STORE_NUMBER,SENSOR_ID,LOG,IN_OUT) values (6684,163,329,163,to_date('21/12/28 13:03:26','RR/MM/DD HH24:MI:SS'),'O');
Insert into ATEAM.STATE_LOG (LOG_ID,INVENTORY_NUMBER,STORE_NUMBER,SENSOR_ID,LOG,IN_OUT) values (6685,164,329,164,to_date('21/12/28 13:03:26','RR/MM/DD HH24:MI:SS'),'O');
Insert into ATEAM.STATE_LOG (LOG_ID,INVENTORY_NUMBER,STORE_NUMBER,SENSOR_ID,LOG,IN_OUT) values (6686,165,329,165,to_date('21/12/28 13:03:26','RR/MM/DD HH24:MI:SS'),'O');
Insert into ATEAM.STATE_LOG (LOG_ID,INVENTORY_NUMBER,STORE_NUMBER,SENSOR_ID,LOG,IN_OUT) values (6687,163,329,163,to_date('21/12/28 13:03:54','RR/MM/DD HH24:MI:SS'),'O');
Insert into ATEAM.STATE_LOG (LOG_ID,INVENTORY_NUMBER,STORE_NUMBER,SENSOR_ID,LOG,IN_OUT) values (6688,164,329,164,to_date('21/12/28 13:03:54','RR/MM/DD HH24:MI:SS'),'O');
Insert into ATEAM.STATE_LOG (LOG_ID,INVENTORY_NUMBER,STORE_NUMBER,SENSOR_ID,LOG,IN_OUT) values (6689,165,329,165,to_date('21/12/28 13:03:54','RR/MM/DD HH24:MI:SS'),'O');
Insert into ATEAM.STATE_LOG (LOG_ID,INVENTORY_NUMBER,STORE_NUMBER,SENSOR_ID,LOG,IN_OUT) values (6690,163,329,163,to_date('21/12/28 13:04:27','RR/MM/DD HH24:MI:SS'),'O');
Insert into ATEAM.STATE_LOG (LOG_ID,INVENTORY_NUMBER,STORE_NUMBER,SENSOR_ID,LOG,IN_OUT) values (6691,164,329,164,to_date('21/12/28 13:04:27','RR/MM/DD HH24:MI:SS'),'O');
Insert into ATEAM.STATE_LOG (LOG_ID,INVENTORY_NUMBER,STORE_NUMBER,SENSOR_ID,LOG,IN_OUT) values (6692,165,329,165,to_date('21/12/28 13:04:27','RR/MM/DD HH24:MI:SS'),'O');
Insert into ATEAM.STATE_LOG (LOG_ID,INVENTORY_NUMBER,STORE_NUMBER,SENSOR_ID,LOG,IN_OUT) values (6693,163,329,163,to_date('21/12/28 13:04:54','RR/MM/DD HH24:MI:SS'),'O');
Insert into ATEAM.STATE_LOG (LOG_ID,INVENTORY_NUMBER,STORE_NUMBER,SENSOR_ID,LOG,IN_OUT) values (6694,164,329,164,to_date('21/12/28 13:04:54','RR/MM/DD HH24:MI:SS'),'O');
Insert into ATEAM.STATE_LOG (LOG_ID,INVENTORY_NUMBER,STORE_NUMBER,SENSOR_ID,LOG,IN_OUT) values (6695,165,329,165,to_date('21/12/28 13:04:55','RR/MM/DD HH24:MI:SS'),'O');
Insert into ATEAM.STATE_LOG (LOG_ID,INVENTORY_NUMBER,STORE_NUMBER,SENSOR_ID,LOG,IN_OUT) values (6696,163,329,163,to_date('21/12/28 13:05:38','RR/MM/DD HH24:MI:SS'),'O');
Insert into ATEAM.STATE_LOG (LOG_ID,INVENTORY_NUMBER,STORE_NUMBER,SENSOR_ID,LOG,IN_OUT) values (6697,164,329,164,to_date('21/12/28 13:05:38','RR/MM/DD HH24:MI:SS'),'O');
Insert into ATEAM.STATE_LOG (LOG_ID,INVENTORY_NUMBER,STORE_NUMBER,SENSOR_ID,LOG,IN_OUT) values (6698,165,329,165,to_date('21/12/28 13:05:38','RR/MM/DD HH24:MI:SS'),'O');
Insert into ATEAM.STATE_LOG (LOG_ID,INVENTORY_NUMBER,STORE_NUMBER,SENSOR_ID,LOG,IN_OUT) values (6699,163,329,163,to_date('21/12/28 13:06:17','RR/MM/DD HH24:MI:SS'),'O');
Insert into ATEAM.STATE_LOG (LOG_ID,INVENTORY_NUMBER,STORE_NUMBER,SENSOR_ID,LOG,IN_OUT) values (6700,164,329,164,to_date('21/12/28 13:06:17','RR/MM/DD HH24:MI:SS'),'O');
Insert into ATEAM.STATE_LOG (LOG_ID,INVENTORY_NUMBER,STORE_NUMBER,SENSOR_ID,LOG,IN_OUT) values (6701,165,329,165,to_date('21/12/28 13:06:17','RR/MM/DD HH24:MI:SS'),'O');
Insert into ATEAM.STATE_LOG (LOG_ID,INVENTORY_NUMBER,STORE_NUMBER,SENSOR_ID,LOG,IN_OUT) values (6702,163,329,163,to_date('21/12/28 17:04:54','RR/MM/DD HH24:MI:SS'),'O');
Insert into ATEAM.STATE_LOG (LOG_ID,INVENTORY_NUMBER,STORE_NUMBER,SENSOR_ID,LOG,IN_OUT) values (6703,164,329,164,to_date('21/12/28 17:04:54','RR/MM/DD HH24:MI:SS'),'O');
Insert into ATEAM.STATE_LOG (LOG_ID,INVENTORY_NUMBER,STORE_NUMBER,SENSOR_ID,LOG,IN_OUT) values (6704,165,329,165,to_date('21/12/28 17:04:54','RR/MM/DD HH24:MI:SS'),'O');
Insert into ATEAM.STATE_LOG (LOG_ID,INVENTORY_NUMBER,STORE_NUMBER,SENSOR_ID,LOG,IN_OUT) values (6705,163,329,163,to_date('21/12/28 17:05:04','RR/MM/DD HH24:MI:SS'),'O');
Insert into ATEAM.STATE_LOG (LOG_ID,INVENTORY_NUMBER,STORE_NUMBER,SENSOR_ID,LOG,IN_OUT) values (6706,164,329,164,to_date('21/12/28 17:05:04','RR/MM/DD HH24:MI:SS'),'O');
Insert into ATEAM.STATE_LOG (LOG_ID,INVENTORY_NUMBER,STORE_NUMBER,SENSOR_ID,LOG,IN_OUT) values (6707,165,329,165,to_date('21/12/28 17:05:04','RR/MM/DD HH24:MI:SS'),'O');
Insert into ATEAM.STATE_LOG (LOG_ID,INVENTORY_NUMBER,STORE_NUMBER,SENSOR_ID,LOG,IN_OUT) values (6708,163,329,163,to_date('21/12/28 17:06:20','RR/MM/DD HH24:MI:SS'),'O');
Insert into ATEAM.STATE_LOG (LOG_ID,INVENTORY_NUMBER,STORE_NUMBER,SENSOR_ID,LOG,IN_OUT) values (6709,164,329,164,to_date('21/12/28 17:06:20','RR/MM/DD HH24:MI:SS'),'I');
Insert into ATEAM.STATE_LOG (LOG_ID,INVENTORY_NUMBER,STORE_NUMBER,SENSOR_ID,LOG,IN_OUT) values (6710,165,329,165,to_date('21/12/28 17:06:20','RR/MM/DD HH24:MI:SS'),'I');
Insert into ATEAM.STATE_LOG (LOG_ID,INVENTORY_NUMBER,STORE_NUMBER,SENSOR_ID,LOG,IN_OUT) values (6711,163,329,163,to_date('21/12/28 17:06:31','RR/MM/DD HH24:MI:SS'),'O');
Insert into ATEAM.STATE_LOG (LOG_ID,INVENTORY_NUMBER,STORE_NUMBER,SENSOR_ID,LOG,IN_OUT) values (6712,164,329,164,to_date('21/12/28 17:06:31','RR/MM/DD HH24:MI:SS'),'I');
Insert into ATEAM.STATE_LOG (LOG_ID,INVENTORY_NUMBER,STORE_NUMBER,SENSOR_ID,LOG,IN_OUT) values (6713,165,329,165,to_date('21/12/28 17:06:31','RR/MM/DD HH24:MI:SS'),'I');
Insert into ATEAM.STATE_LOG (LOG_ID,INVENTORY_NUMBER,STORE_NUMBER,SENSOR_ID,LOG,IN_OUT) values (6714,163,329,163,to_date('21/12/28 17:07:04','RR/MM/DD HH24:MI:SS'),'O');
Insert into ATEAM.STATE_LOG (LOG_ID,INVENTORY_NUMBER,STORE_NUMBER,SENSOR_ID,LOG,IN_OUT) values (6715,164,329,164,to_date('21/12/28 17:07:04','RR/MM/DD HH24:MI:SS'),'O');
Insert into ATEAM.STATE_LOG (LOG_ID,INVENTORY_NUMBER,STORE_NUMBER,SENSOR_ID,LOG,IN_OUT) values (6716,165,329,165,to_date('21/12/28 17:07:04','RR/MM/DD HH24:MI:SS'),'O');
Insert into ATEAM.STATE_LOG (LOG_ID,INVENTORY_NUMBER,STORE_NUMBER,SENSOR_ID,LOG,IN_OUT) values (6717,163,329,163,to_date('21/12/28 17:07:15','RR/MM/DD HH24:MI:SS'),'O');
Insert into ATEAM.STATE_LOG (LOG_ID,INVENTORY_NUMBER,STORE_NUMBER,SENSOR_ID,LOG,IN_OUT) values (6718,164,329,164,to_date('21/12/28 17:07:15','RR/MM/DD HH24:MI:SS'),'O');
Insert into ATEAM.STATE_LOG (LOG_ID,INVENTORY_NUMBER,STORE_NUMBER,SENSOR_ID,LOG,IN_OUT) values (6719,165,329,165,to_date('21/12/28 17:07:15','RR/MM/DD HH24:MI:SS'),'O');
Insert into ATEAM.STATE_LOG (LOG_ID,INVENTORY_NUMBER,STORE_NUMBER,SENSOR_ID,LOG,IN_OUT) values (6720,163,329,163,to_date('21/12/28 17:31:41','RR/MM/DD HH24:MI:SS'),'O');
Insert into ATEAM.STATE_LOG (LOG_ID,INVENTORY_NUMBER,STORE_NUMBER,SENSOR_ID,LOG,IN_OUT) values (6721,164,329,164,to_date('21/12/28 17:31:41','RR/MM/DD HH24:MI:SS'),'O');
Insert into ATEAM.STATE_LOG (LOG_ID,INVENTORY_NUMBER,STORE_NUMBER,SENSOR_ID,LOG,IN_OUT) values (6722,165,329,165,to_date('21/12/28 17:31:41','RR/MM/DD HH24:MI:SS'),'O');
Insert into ATEAM.STATE_LOG (LOG_ID,INVENTORY_NUMBER,STORE_NUMBER,SENSOR_ID,LOG,IN_OUT) values (6723,163,329,163,to_date('21/12/28 17:32:02','RR/MM/DD HH24:MI:SS'),'O');
Insert into ATEAM.STATE_LOG (LOG_ID,INVENTORY_NUMBER,STORE_NUMBER,SENSOR_ID,LOG,IN_OUT) values (6724,164,329,164,to_date('21/12/28 17:32:02','RR/MM/DD HH24:MI:SS'),'O');
Insert into ATEAM.STATE_LOG (LOG_ID,INVENTORY_NUMBER,STORE_NUMBER,SENSOR_ID,LOG,IN_OUT) values (6725,165,329,165,to_date('21/12/28 17:32:02','RR/MM/DD HH24:MI:SS'),'O');
Insert into ATEAM.STATE_LOG (LOG_ID,INVENTORY_NUMBER,STORE_NUMBER,SENSOR_ID,LOG,IN_OUT) values (6726,163,329,163,to_date('21/12/28 17:32:19','RR/MM/DD HH24:MI:SS'),'O');
Insert into ATEAM.STATE_LOG (LOG_ID,INVENTORY_NUMBER,STORE_NUMBER,SENSOR_ID,LOG,IN_OUT) values (6727,164,329,164,to_date('21/12/28 17:32:19','RR/MM/DD HH24:MI:SS'),'O');
Insert into ATEAM.STATE_LOG (LOG_ID,INVENTORY_NUMBER,STORE_NUMBER,SENSOR_ID,LOG,IN_OUT) values (6728,165,329,165,to_date('21/12/28 17:32:19','RR/MM/DD HH24:MI:SS'),'O');
Insert into ATEAM.STATE_LOG (LOG_ID,INVENTORY_NUMBER,STORE_NUMBER,SENSOR_ID,LOG,IN_OUT) values (6729,163,329,163,to_date('21/12/28 17:32:46','RR/MM/DD HH24:MI:SS'),'O');
Insert into ATEAM.STATE_LOG (LOG_ID,INVENTORY_NUMBER,STORE_NUMBER,SENSOR_ID,LOG,IN_OUT) values (6730,164,329,164,to_date('21/12/28 17:32:46','RR/MM/DD HH24:MI:SS'),'O');
Insert into ATEAM.STATE_LOG (LOG_ID,INVENTORY_NUMBER,STORE_NUMBER,SENSOR_ID,LOG,IN_OUT) values (6731,165,329,165,to_date('21/12/28 17:32:46','RR/MM/DD HH24:MI:SS'),'O');
Insert into ATEAM.STATE_LOG (LOG_ID,INVENTORY_NUMBER,STORE_NUMBER,SENSOR_ID,LOG,IN_OUT) values (6732,163,329,163,to_date('21/12/28 17:33:02','RR/MM/DD HH24:MI:SS'),'O');
Insert into ATEAM.STATE_LOG (LOG_ID,INVENTORY_NUMBER,STORE_NUMBER,SENSOR_ID,LOG,IN_OUT) values (6733,164,329,164,to_date('21/12/28 17:33:02','RR/MM/DD HH24:MI:SS'),'O');
Insert into ATEAM.STATE_LOG (LOG_ID,INVENTORY_NUMBER,STORE_NUMBER,SENSOR_ID,LOG,IN_OUT) values (6734,165,329,165,to_date('21/12/28 17:33:02','RR/MM/DD HH24:MI:SS'),'O');
Insert into ATEAM.STATE_LOG (LOG_ID,INVENTORY_NUMBER,STORE_NUMBER,SENSOR_ID,LOG,IN_OUT) values (6735,163,329,163,to_date('21/12/28 17:33:34','RR/MM/DD HH24:MI:SS'),'O');
Insert into ATEAM.STATE_LOG (LOG_ID,INVENTORY_NUMBER,STORE_NUMBER,SENSOR_ID,LOG,IN_OUT) values (6736,164,329,164,to_date('21/12/28 17:33:34','RR/MM/DD HH24:MI:SS'),'O');
Insert into ATEAM.STATE_LOG (LOG_ID,INVENTORY_NUMBER,STORE_NUMBER,SENSOR_ID,LOG,IN_OUT) values (6737,165,329,165,to_date('21/12/28 17:33:34','RR/MM/DD HH24:MI:SS'),'O');
Insert into ATEAM.STATE_LOG (LOG_ID,INVENTORY_NUMBER,STORE_NUMBER,SENSOR_ID,LOG,IN_OUT) values (6738,163,329,163,to_date('21/12/28 17:33:51','RR/MM/DD HH24:MI:SS'),'O');
Insert into ATEAM.STATE_LOG (LOG_ID,INVENTORY_NUMBER,STORE_NUMBER,SENSOR_ID,LOG,IN_OUT) values (6739,164,329,164,to_date('21/12/28 17:33:51','RR/MM/DD HH24:MI:SS'),'O');
Insert into ATEAM.STATE_LOG (LOG_ID,INVENTORY_NUMBER,STORE_NUMBER,SENSOR_ID,LOG,IN_OUT) values (6740,165,329,165,to_date('21/12/28 17:33:51','RR/MM/DD HH24:MI:SS'),'O');
Insert into ATEAM.STATE_LOG (LOG_ID,INVENTORY_NUMBER,STORE_NUMBER,SENSOR_ID,LOG,IN_OUT) values (6741,163,329,163,to_date('21/12/28 17:34:23','RR/MM/DD HH24:MI:SS'),'O');
Insert into ATEAM.STATE_LOG (LOG_ID,INVENTORY_NUMBER,STORE_NUMBER,SENSOR_ID,LOG,IN_OUT) values (6742,164,329,164,to_date('21/12/28 17:34:23','RR/MM/DD HH24:MI:SS'),'O');
Insert into ATEAM.STATE_LOG (LOG_ID,INVENTORY_NUMBER,STORE_NUMBER,SENSOR_ID,LOG,IN_OUT) values (6743,165,329,165,to_date('21/12/28 17:34:23','RR/MM/DD HH24:MI:SS'),'O');
Insert into ATEAM.STATE_LOG (LOG_ID,INVENTORY_NUMBER,STORE_NUMBER,SENSOR_ID,LOG,IN_OUT) values (6744,163,329,163,to_date('21/12/28 17:35:18','RR/MM/DD HH24:MI:SS'),'O');
Insert into ATEAM.STATE_LOG (LOG_ID,INVENTORY_NUMBER,STORE_NUMBER,SENSOR_ID,LOG,IN_OUT) values (6745,164,329,164,to_date('21/12/28 17:35:18','RR/MM/DD HH24:MI:SS'),'O');
Insert into ATEAM.STATE_LOG (LOG_ID,INVENTORY_NUMBER,STORE_NUMBER,SENSOR_ID,LOG,IN_OUT) values (6746,165,329,165,to_date('21/12/28 17:35:18','RR/MM/DD HH24:MI:SS'),'O');
Insert into ATEAM.STATE_LOG (LOG_ID,INVENTORY_NUMBER,STORE_NUMBER,SENSOR_ID,LOG,IN_OUT) values (6747,163,329,163,to_date('21/12/28 17:35:29','RR/MM/DD HH24:MI:SS'),'O');
Insert into ATEAM.STATE_LOG (LOG_ID,INVENTORY_NUMBER,STORE_NUMBER,SENSOR_ID,LOG,IN_OUT) values (6748,164,329,164,to_date('21/12/28 17:35:29','RR/MM/DD HH24:MI:SS'),'O');
Insert into ATEAM.STATE_LOG (LOG_ID,INVENTORY_NUMBER,STORE_NUMBER,SENSOR_ID,LOG,IN_OUT) values (6749,165,329,165,to_date('21/12/28 17:35:29','RR/MM/DD HH24:MI:SS'),'O');
Insert into ATEAM.STATE_LOG (LOG_ID,INVENTORY_NUMBER,STORE_NUMBER,SENSOR_ID,LOG,IN_OUT) values (6750,163,329,163,to_date('21/12/28 17:35:40','RR/MM/DD HH24:MI:SS'),'O');
Insert into ATEAM.STATE_LOG (LOG_ID,INVENTORY_NUMBER,STORE_NUMBER,SENSOR_ID,LOG,IN_OUT) values (6751,164,329,164,to_date('21/12/28 17:35:40','RR/MM/DD HH24:MI:SS'),'O');
Insert into ATEAM.STATE_LOG (LOG_ID,INVENTORY_NUMBER,STORE_NUMBER,SENSOR_ID,LOG,IN_OUT) values (6752,165,329,165,to_date('21/12/28 17:35:40','RR/MM/DD HH24:MI:SS'),'O');
Insert into ATEAM.STATE_LOG (LOG_ID,INVENTORY_NUMBER,STORE_NUMBER,SENSOR_ID,LOG,IN_OUT) values (6753,163,329,163,to_date('21/12/28 17:35:51','RR/MM/DD HH24:MI:SS'),'O');
Insert into ATEAM.STATE_LOG (LOG_ID,INVENTORY_NUMBER,STORE_NUMBER,SENSOR_ID,LOG,IN_OUT) values (6754,164,329,164,to_date('21/12/28 17:35:51','RR/MM/DD HH24:MI:SS'),'O');
Insert into ATEAM.STATE_LOG (LOG_ID,INVENTORY_NUMBER,STORE_NUMBER,SENSOR_ID,LOG,IN_OUT) values (6755,165,329,165,to_date('21/12/28 17:35:51','RR/MM/DD HH24:MI:SS'),'O');
Insert into ATEAM.STATE_LOG (LOG_ID,INVENTORY_NUMBER,STORE_NUMBER,SENSOR_ID,LOG,IN_OUT) values (6756,163,329,163,to_date('21/12/28 17:36:02','RR/MM/DD HH24:MI:SS'),'O');
Insert into ATEAM.STATE_LOG (LOG_ID,INVENTORY_NUMBER,STORE_NUMBER,SENSOR_ID,LOG,IN_OUT) values (6757,164,329,164,to_date('21/12/28 17:36:02','RR/MM/DD HH24:MI:SS'),'O');
Insert into ATEAM.STATE_LOG (LOG_ID,INVENTORY_NUMBER,STORE_NUMBER,SENSOR_ID,LOG,IN_OUT) values (6758,165,329,165,to_date('21/12/28 17:36:02','RR/MM/DD HH24:MI:SS'),'O');
Insert into ATEAM.STATE_LOG (LOG_ID,INVENTORY_NUMBER,STORE_NUMBER,SENSOR_ID,LOG,IN_OUT) values (6759,163,329,163,to_date('21/12/28 17:36:29','RR/MM/DD HH24:MI:SS'),'O');
Insert into ATEAM.STATE_LOG (LOG_ID,INVENTORY_NUMBER,STORE_NUMBER,SENSOR_ID,LOG,IN_OUT) values (6760,164,329,164,to_date('21/12/28 17:36:29','RR/MM/DD HH24:MI:SS'),'O');
Insert into ATEAM.STATE_LOG (LOG_ID,INVENTORY_NUMBER,STORE_NUMBER,SENSOR_ID,LOG,IN_OUT) values (6761,165,329,165,to_date('21/12/28 17:36:29','RR/MM/DD HH24:MI:SS'),'O');
Insert into ATEAM.STATE_LOG (LOG_ID,INVENTORY_NUMBER,STORE_NUMBER,SENSOR_ID,LOG,IN_OUT) values (6762,163,329,163,to_date('21/12/28 17:36:40','RR/MM/DD HH24:MI:SS'),'O');
Insert into ATEAM.STATE_LOG (LOG_ID,INVENTORY_NUMBER,STORE_NUMBER,SENSOR_ID,LOG,IN_OUT) values (6763,164,329,164,to_date('21/12/28 17:36:40','RR/MM/DD HH24:MI:SS'),'O');
Insert into ATEAM.STATE_LOG (LOG_ID,INVENTORY_NUMBER,STORE_NUMBER,SENSOR_ID,LOG,IN_OUT) values (6764,165,329,165,to_date('21/12/28 17:36:40','RR/MM/DD HH24:MI:SS'),'O');
Insert into ATEAM.STATE_LOG (LOG_ID,INVENTORY_NUMBER,STORE_NUMBER,SENSOR_ID,LOG,IN_OUT) values (6765,163,329,163,to_date('21/12/28 17:37:18','RR/MM/DD HH24:MI:SS'),'O');
Insert into ATEAM.STATE_LOG (LOG_ID,INVENTORY_NUMBER,STORE_NUMBER,SENSOR_ID,LOG,IN_OUT) values (6766,164,329,164,to_date('21/12/28 17:37:18','RR/MM/DD HH24:MI:SS'),'O');
Insert into ATEAM.STATE_LOG (LOG_ID,INVENTORY_NUMBER,STORE_NUMBER,SENSOR_ID,LOG,IN_OUT) values (6767,165,329,165,to_date('21/12/28 17:37:18','RR/MM/DD HH24:MI:SS'),'O');
Insert into ATEAM.STATE_LOG (LOG_ID,INVENTORY_NUMBER,STORE_NUMBER,SENSOR_ID,LOG,IN_OUT) values (6768,163,329,163,to_date('21/12/28 17:37:52','RR/MM/DD HH24:MI:SS'),'O');
Insert into ATEAM.STATE_LOG (LOG_ID,INVENTORY_NUMBER,STORE_NUMBER,SENSOR_ID,LOG,IN_OUT) values (6769,164,329,164,to_date('21/12/28 17:37:52','RR/MM/DD HH24:MI:SS'),'O');
Insert into ATEAM.STATE_LOG (LOG_ID,INVENTORY_NUMBER,STORE_NUMBER,SENSOR_ID,LOG,IN_OUT) values (6770,165,329,165,to_date('21/12/28 17:37:52','RR/MM/DD HH24:MI:SS'),'O');
Insert into ATEAM.STATE_LOG (LOG_ID,INVENTORY_NUMBER,STORE_NUMBER,SENSOR_ID,LOG,IN_OUT) values (6771,163,329,163,to_date('21/12/28 17:39:18','RR/MM/DD HH24:MI:SS'),'O');
Insert into ATEAM.STATE_LOG (LOG_ID,INVENTORY_NUMBER,STORE_NUMBER,SENSOR_ID,LOG,IN_OUT) values (6772,164,329,164,to_date('21/12/28 17:39:18','RR/MM/DD HH24:MI:SS'),'O');
Insert into ATEAM.STATE_LOG (LOG_ID,INVENTORY_NUMBER,STORE_NUMBER,SENSOR_ID,LOG,IN_OUT) values (6773,165,329,165,to_date('21/12/28 17:39:18','RR/MM/DD HH24:MI:SS'),'O');
Insert into ATEAM.STATE_LOG (LOG_ID,INVENTORY_NUMBER,STORE_NUMBER,SENSOR_ID,LOG,IN_OUT) values (6774,163,329,163,to_date('21/12/28 17:40:46','RR/MM/DD HH24:MI:SS'),'O');
Insert into ATEAM.STATE_LOG (LOG_ID,INVENTORY_NUMBER,STORE_NUMBER,SENSOR_ID,LOG,IN_OUT) values (6775,164,329,164,to_date('21/12/28 17:40:46','RR/MM/DD HH24:MI:SS'),'O');
Insert into ATEAM.STATE_LOG (LOG_ID,INVENTORY_NUMBER,STORE_NUMBER,SENSOR_ID,LOG,IN_OUT) values (6776,165,329,165,to_date('21/12/28 17:40:46','RR/MM/DD HH24:MI:SS'),'O');
Insert into ATEAM.STATE_LOG (LOG_ID,INVENTORY_NUMBER,STORE_NUMBER,SENSOR_ID,LOG,IN_OUT) values (6777,181,332,181,to_date('21/12/28 18:09:19','RR/MM/DD HH24:MI:SS'),'O');
Insert into ATEAM.STATE_LOG (LOG_ID,INVENTORY_NUMBER,STORE_NUMBER,SENSOR_ID,LOG,IN_OUT) values (6778,182,332,182,to_date('21/12/28 18:09:19','RR/MM/DD HH24:MI:SS'),'O');
Insert into ATEAM.STATE_LOG (LOG_ID,INVENTORY_NUMBER,STORE_NUMBER,SENSOR_ID,LOG,IN_OUT) values (6779,183,332,183,to_date('21/12/28 18:09:19','RR/MM/DD HH24:MI:SS'),'O');
Insert into ATEAM.STATE_LOG (LOG_ID,INVENTORY_NUMBER,STORE_NUMBER,SENSOR_ID,LOG,IN_OUT) values (6780,184,332,184,to_date('21/12/28 18:09:19','RR/MM/DD HH24:MI:SS'),'O');
Insert into ATEAM.STATE_LOG (LOG_ID,INVENTORY_NUMBER,STORE_NUMBER,SENSOR_ID,LOG,IN_OUT) values (6781,185,332,185,to_date('21/12/28 18:09:19','RR/MM/DD HH24:MI:SS'),'O');
Insert into ATEAM.STATE_LOG (LOG_ID,INVENTORY_NUMBER,STORE_NUMBER,SENSOR_ID,LOG,IN_OUT) values (6782,186,332,186,to_date('21/12/28 18:09:19','RR/MM/DD HH24:MI:SS'),'O');
Insert into ATEAM.STATE_LOG (LOG_ID,INVENTORY_NUMBER,STORE_NUMBER,SENSOR_ID,LOG,IN_OUT) values (6783,187,332,187,to_date('21/12/28 18:09:19','RR/MM/DD HH24:MI:SS'),'O');
Insert into ATEAM.STATE_LOG (LOG_ID,INVENTORY_NUMBER,STORE_NUMBER,SENSOR_ID,LOG,IN_OUT) values (6784,188,332,188,to_date('21/12/28 18:09:19','RR/MM/DD HH24:MI:SS'),'O');
REM INSERTING into ATEAM.STORE
SET DEFINE OFF;
Insert into ATEAM.STORE (STORE_NUMBER,CUSTOMER_EMAIL,STORE_NAME,STORE_POST,STORE_TEL,STORE_TIME,STORE_DAYOFF,INVENTORY,STORE_PRICE,STORE_MASTER_NAME,STORE_REGISTRATION_NUMBER,STORE_FAVORITE_CNT,STORE_DETAIL_ADDR,STORE_ADDR) values (305,'gg12@naver.com','컴인워시상무점','62010','050-7142-4316','12:12~12:12','화',5,'9000원','워시맨','050-14243-16',0,'1층','광주 서구 상무대로 620 (벽진동)');
Insert into ATEAM.STORE (STORE_NUMBER,CUSTOMER_EMAIL,STORE_NAME,STORE_POST,STORE_TEL,STORE_TIME,STORE_DAYOFF,INVENTORY,STORE_PRICE,STORE_MASTER_NAME,STORE_REGISTRATION_NUMBER,STORE_FAVORITE_CNT,STORE_DETAIL_ADDR,STORE_ADDR) values (329,'customer@gmail.com','지산동 세차장','61441','01099999999','8:00 ~ 20:00','수요일',9,'6000','지산이','0000000007',2,'1층','광주 동구 지산동 342-24');
Insert into ATEAM.STORE (STORE_NUMBER,CUSTOMER_EMAIL,STORE_NAME,STORE_POST,STORE_TEL,STORE_TIME,STORE_DAYOFF,INVENTORY,STORE_PRICE,STORE_MASTER_NAME,STORE_REGISTRATION_NUMBER,STORE_FAVORITE_CNT,STORE_DETAIL_ADDR,STORE_ADDR) values (304,'gg12@naver.com','광주세차장','62404','010-8888-1111','0012~0012','화',3,'4000원','김상순','010-88811-11',0,'1층','광주 광산구 가마길 2-21 (명도동)');
Insert into ATEAM.STORE (STORE_NUMBER,CUSTOMER_EMAIL,STORE_NAME,STORE_POST,STORE_TEL,STORE_TIME,STORE_DAYOFF,INVENTORY,STORE_PRICE,STORE_MASTER_NAME,STORE_REGISTRATION_NUMBER,STORE_FAVORITE_CNT,STORE_DETAIL_ADDR,STORE_ADDR) values (306,'gg12@naver.com','워시존','61506','010-6666-6666','00:00 ~ 24:00','토요일',5,'8000원','홍길동','010-66666-66',0,null,'광주 동구 천변좌로 606 (소태동)');
Insert into ATEAM.STORE (STORE_NUMBER,CUSTOMER_EMAIL,STORE_NAME,STORE_POST,STORE_TEL,STORE_TIME,STORE_DAYOFF,INVENTORY,STORE_PRICE,STORE_MASTER_NAME,STORE_REGISTRATION_NUMBER,STORE_FAVORITE_CNT,STORE_DETAIL_ADDR,STORE_ADDR) values (307,'gg12@naver.com','쌍촌셀프세차장','61478','010-2538-6047','04:00 ~ 22:00','일요일',8,'7500원','홍길동','010-53860-47',0,null,'광주 동구 천변우로 321-9 (수기동)');
Insert into ATEAM.STORE (STORE_NUMBER,CUSTOMER_EMAIL,STORE_NAME,STORE_POST,STORE_TEL,STORE_TIME,STORE_DAYOFF,INVENTORY,STORE_PRICE,STORE_MASTER_NAME,STORE_REGISTRATION_NUMBER,STORE_FAVORITE_CNT,STORE_DETAIL_ADDR,STORE_ADDR) values (308,'gg12@naver.com','와이퍼광주첨단점','62275','062-9718-8888','12:00~13:20','수',3,'4000원','와이퍼','062-71888-88',0,'1층','광주 광산구 첨단중앙로170번길 92 (쌍암동)');
Insert into ATEAM.STORE (STORE_NUMBER,CUSTOMER_EMAIL,STORE_NAME,STORE_POST,STORE_TEL,STORE_TIME,STORE_DAYOFF,INVENTORY,STORE_PRICE,STORE_MASTER_NAME,STORE_REGISTRATION_NUMBER,STORE_FAVORITE_CNT,STORE_DETAIL_ADDR,STORE_ADDR) values (309,'gg12@naver.com','때깔셀프세차장','62025','010-1648-2535','06:00 ~ 23:00','토일요일',7,'6800원','홍길동','010-64825-35',0,null,'광주 서구 염화로31번길 1 (화정동)');
Insert into ATEAM.STORE (STORE_NUMBER,CUSTOMER_EMAIL,STORE_NAME,STORE_POST,STORE_TEL,STORE_TIME,STORE_DAYOFF,INVENTORY,STORE_PRICE,STORE_MASTER_NAME,STORE_REGISTRATION_NUMBER,STORE_FAVORITE_CNT,STORE_DETAIL_ADDR,STORE_ADDR) values (310,'gg12@naver.com','송정게러지','62434','062-9450-0777','12:30~22:00','금',3,'5000원','송정','062-45007-77',0,'1층','광주 광산구 송도로 252-8 (송정동)');
Insert into ATEAM.STORE (STORE_NUMBER,CUSTOMER_EMAIL,STORE_NAME,STORE_POST,STORE_TEL,STORE_TIME,STORE_DAYOFF,INVENTORY,STORE_PRICE,STORE_MASTER_NAME,STORE_REGISTRATION_NUMBER,STORE_FAVORITE_CNT,STORE_DETAIL_ADDR,STORE_ADDR) values (311,'gg12@naver.com','컴인워시광주수완점','62245','062-1588-5187','12:00~23:00','월',3,'9000원','수완점','062-58851-87',0,'1층','광주 광산구 북문대로 591 (수완동)');
Insert into ATEAM.STORE (STORE_NUMBER,CUSTOMER_EMAIL,STORE_NAME,STORE_POST,STORE_TEL,STORE_TIME,STORE_DAYOFF,INVENTORY,STORE_PRICE,STORE_MASTER_NAME,STORE_REGISTRATION_NUMBER,STORE_FAVORITE_CNT,STORE_DETAIL_ADDR,STORE_ADDR) values (312,'gg12@naver.com','컴인워시광주수완점','62245','062-1588-5187','12:00~23:00','월',3,'9000원','수완점','062-58851-87',0,'1층','광주 광산구 북문대로 591 (수완동)');
Insert into ATEAM.STORE (STORE_NUMBER,CUSTOMER_EMAIL,STORE_NAME,STORE_POST,STORE_TEL,STORE_TIME,STORE_DAYOFF,INVENTORY,STORE_PRICE,STORE_MASTER_NAME,STORE_REGISTRATION_NUMBER,STORE_FAVORITE_CNT,STORE_DETAIL_ADDR,STORE_ADDR) values (313,'gg12@naver.com','버블셀프세차장','61971','010-7856-3024','07:00 ~ 22:30','일요일',9,'9500원','홍길동','010-85630-24',0,null,'광주 서구 내방로 288 (내방동)');
Insert into ATEAM.STORE (STORE_NUMBER,CUSTOMER_EMAIL,STORE_NAME,STORE_POST,STORE_TEL,STORE_TIME,STORE_DAYOFF,INVENTORY,STORE_PRICE,STORE_MASTER_NAME,STORE_REGISTRATION_NUMBER,STORE_FAVORITE_CNT,STORE_DETAIL_ADDR,STORE_ADDR) values (321,'hh12@naver.com','청춘세차','62023','010-6666-5555','12:00~22:00','화',3,'8000원','청춘','010-66655-55',0,'1층','광주 서구 운천로 126 (쌍촌동)');
Insert into ATEAM.STORE (STORE_NUMBER,CUSTOMER_EMAIL,STORE_NAME,STORE_POST,STORE_TEL,STORE_TIME,STORE_DAYOFF,INVENTORY,STORE_PRICE,STORE_MASTER_NAME,STORE_REGISTRATION_NUMBER,STORE_FAVORITE_CNT,STORE_DETAIL_ADDR,STORE_ADDR) values (322,'hh12@naver.com','광주서구풍암스팀세차장','62048','010-3524-1167','12:00~22:00','수',3,'7000원 ','서구풍암','010-52411-67',0,'월드컵점 지하 1층','광주 서구 금화로 240 (풍암동)');
Insert into ATEAM.STORE (STORE_NUMBER,CUSTOMER_EMAIL,STORE_NAME,STORE_POST,STORE_TEL,STORE_TIME,STORE_DAYOFF,INVENTORY,STORE_PRICE,STORE_MASTER_NAME,STORE_REGISTRATION_NUMBER,STORE_FAVORITE_CNT,STORE_DETAIL_ADDR,STORE_ADDR) values (330,'customer@gmail.com','전남대세차장','61183','01099999999','8:00 ~ 20:00','수요일',5,'6000','전남이','0000000008',0,'1층','광주 북구 용봉동 369-1 (고운맨션)');
Insert into ATEAM.STORE (STORE_NUMBER,CUSTOMER_EMAIL,STORE_NAME,STORE_POST,STORE_TEL,STORE_TIME,STORE_DAYOFF,INVENTORY,STORE_PRICE,STORE_MASTER_NAME,STORE_REGISTRATION_NUMBER,STORE_FAVORITE_CNT,STORE_DETAIL_ADDR,STORE_ADDR) values (323,'hh12@naver.com','도도세차장진월점','61728','050-7141-9867','12:00~22:00','수',3,'8000원','도도','050-14198-67',0,'1층','광주 남구 금당로 6 (진월동)');
Insert into ATEAM.STORE (STORE_NUMBER,CUSTOMER_EMAIL,STORE_NAME,STORE_POST,STORE_TEL,STORE_TIME,STORE_DAYOFF,INVENTORY,STORE_PRICE,STORE_MASTER_NAME,STORE_REGISTRATION_NUMBER,STORE_FAVORITE_CNT,STORE_DETAIL_ADDR,STORE_ADDR) values (332,'customer@gmail.com','깨끗세차','08500','01011112222','08:00~24:00','연중무휴',8,'시간당 만원','김고객','1112223334',0,'4가','서울 금천구 가마산로 72 (신화빌딩)');
Insert into ATEAM.STORE (STORE_NUMBER,CUSTOMER_EMAIL,STORE_NAME,STORE_POST,STORE_TEL,STORE_TIME,STORE_DAYOFF,INVENTORY,STORE_PRICE,STORE_MASTER_NAME,STORE_REGISTRATION_NUMBER,STORE_FAVORITE_CNT,STORE_DETAIL_ADDR,STORE_ADDR) values (328,'customer@gmail.com','행복한 세차장','62004','01066667777','08:00 ~ 21:00','월요일',8,'3000원','가나다','0000000002',0,'1층','광주 서구 금부로 72');
REM INSERTING into ATEAM.STORE_FILE
SET DEFINE OFF;
Insert into ATEAM.STORE_FILE (FILE_ID,STORE_NUMBER,IMGPATH,IMGNAME,RANK) values (354,329,'http://192.168.0.30:8989/alphacar/resources/pictures/company/99f05c2c-e1f7-45b5-b2fb-324bf2ed5320_42620-382046-sample.jpg','42620-382046-sample.jpg',1);
Insert into ATEAM.STORE_FILE (FILE_ID,STORE_NUMBER,IMGPATH,IMGNAME,RANK) values (355,329,'http://192.168.0.30:8989/alphacar/resources/pictures/company/638b6f8b-511a-4dd0-b354-e07e5a4a8af3_42621_42360_2113.jpg','42621_42360_2113.jpg',2);
Insert into ATEAM.STORE_FILE (FILE_ID,STORE_NUMBER,IMGPATH,IMGNAME,RANK) values (356,329,'http://192.168.0.30:8989/alphacar/resources/pictures/company/cde2f16e-79fc-4a79-8bea-315cc45ab3da_86164_409058.jpg','86164_409058.jpg',3);
Insert into ATEAM.STORE_FILE (FILE_ID,STORE_NUMBER,IMGPATH,IMGNAME,RANK) values (357,330,'http://192.168.0.30:8989/alphacar/resources/pictures/company/555ef2f6-01a8-47d4-ac96-db91654674d0_86164_409058.jpg','86164_409058.jpg',1);
Insert into ATEAM.STORE_FILE (FILE_ID,STORE_NUMBER,IMGPATH,IMGNAME,RANK) values (309,304,'http://192.168.0.122:8080/alphacar/resources/img/304wash1.jpg','20211224_090303.jpg',1);
Insert into ATEAM.STORE_FILE (FILE_ID,STORE_NUMBER,IMGPATH,IMGNAME,RANK) values (310,304,'http://192.168.0.122:8080/alphacar/resources/img/304wash3.jpg','20211224_090303.jpg',2);
Insert into ATEAM.STORE_FILE (FILE_ID,STORE_NUMBER,IMGPATH,IMGNAME,RANK) values (311,304,'http://192.168.0.122:8080/alphacar/resources/img/304wash2.jpg','20211224_090303.jpg',3);
Insert into ATEAM.STORE_FILE (FILE_ID,STORE_NUMBER,IMGPATH,IMGNAME,RANK) values (312,305,'http://192.168.0.122:8080/alphacar/resources/img/305wash3.jpg','20211224_090303.jpg',1);
Insert into ATEAM.STORE_FILE (FILE_ID,STORE_NUMBER,IMGPATH,IMGNAME,RANK) values (358,330,'http://192.168.0.30:8989/alphacar/resources/pictures/company/b9569d22-0b86-4302-8370-852856bf0084_190613_셀프세차장매너_본문1.png','190613_셀프세차장매너_본문1.png',2);
Insert into ATEAM.STORE_FILE (FILE_ID,STORE_NUMBER,IMGPATH,IMGNAME,RANK) values (313,305,'http://192.168.0.122:8080/alphacar/resources/img/305wash2.jpg','20211224_090303.jpg',2);
Insert into ATEAM.STORE_FILE (FILE_ID,STORE_NUMBER,IMGPATH,IMGNAME,RANK) values (314,305,'http://192.168.0.122:8080/alphacar/resources/img/305wash1.jpg','20211224_090303.jpg',3);
Insert into ATEAM.STORE_FILE (FILE_ID,STORE_NUMBER,IMGPATH,IMGNAME,RANK) values (315,306,'http://192.168.0.122:8080/alphacar/resources/img/washZone3.jpg','Screenshot_20211224-085037_Samsung Internet.jpg',1);
Insert into ATEAM.STORE_FILE (FILE_ID,STORE_NUMBER,IMGPATH,IMGNAME,RANK) values (316,306,'http://192.168.0.122:8080/alphacar/resources/img/washZone2.jpg','Screenshot_20211224-085037_Samsung Internet.jpg',2);
Insert into ATEAM.STORE_FILE (FILE_ID,STORE_NUMBER,IMGPATH,IMGNAME,RANK) values (317,306,'http://192.168.0.122:8080/alphacar/resources/img/washZone1.jpg','Screenshot_20211224-085037_Samsung Internet.jpg',3);
Insert into ATEAM.STORE_FILE (FILE_ID,STORE_NUMBER,IMGPATH,IMGNAME,RANK) values (318,307,'http://192.168.0.122:8080/alphacar/resources/img/307wash3.jpg','Screenshot_20211223-170040_Samsung Internet.jpg',1);
Insert into ATEAM.STORE_FILE (FILE_ID,STORE_NUMBER,IMGPATH,IMGNAME,RANK) values (319,307,'http://192.168.0.122:8080/alphacar/resources/img/307wash2.jpg','Screenshot_20211223-170040_Samsung Internet.jpg',2);
Insert into ATEAM.STORE_FILE (FILE_ID,STORE_NUMBER,IMGPATH,IMGNAME,RANK) values (320,307,'http://192.168.0.122:8080/alphacar/resources/img/307wash1.jpg','Screenshot_20211223-170040_Samsung Internet.jpg',3);
Insert into ATEAM.STORE_FILE (FILE_ID,STORE_NUMBER,IMGPATH,IMGNAME,RANK) values (321,308,'http://192.168.0.122:8080/alphacar/resources/img/308wash1.jpg','20211224_090303.jpg',1);
Insert into ATEAM.STORE_FILE (FILE_ID,STORE_NUMBER,IMGPATH,IMGNAME,RANK) values (322,308,'http://192.168.0.122:8080/alphacar/resources/img/308wash3.jpg','20211224_090303.jpg',2);
Insert into ATEAM.STORE_FILE (FILE_ID,STORE_NUMBER,IMGPATH,IMGNAME,RANK) values (323,308,'http://192.168.0.122:8080/alphacar/resources/img/308wash2.jpg','20211224_090303.jpg',3);
Insert into ATEAM.STORE_FILE (FILE_ID,STORE_NUMBER,IMGPATH,IMGNAME,RANK) values (324,309,'http://192.168.0.122:8080/alphacar/resources/img/309wash2.jpg','Screenshot_20211223-153237_AlphaCar.jpg',1);
Insert into ATEAM.STORE_FILE (FILE_ID,STORE_NUMBER,IMGPATH,IMGNAME,RANK) values (325,309,'http://192.168.0.122:8080/alphacar/resources/img/309wash1.jpg','Screenshot_20211223-153237_AlphaCar.jpg',2);
Insert into ATEAM.STORE_FILE (FILE_ID,STORE_NUMBER,IMGPATH,IMGNAME,RANK) values (326,309,'http://192.168.0.122:8080/alphacar/resources/img/309wash3.jpg','Screenshot_20211223-153237_AlphaCar.jpg',3);
Insert into ATEAM.STORE_FILE (FILE_ID,STORE_NUMBER,IMGPATH,IMGNAME,RANK) values (327,310,'http://192.168.0.122:8080/alphacar/resources/img/310wash1.jpg','20211119_113634.jpg',1);
Insert into ATEAM.STORE_FILE (FILE_ID,STORE_NUMBER,IMGPATH,IMGNAME,RANK) values (328,310,'http://192.168.0.122:8080/alphacar/resources/img/310wash2.jpg','20211119_113634.jpg',2);
Insert into ATEAM.STORE_FILE (FILE_ID,STORE_NUMBER,IMGPATH,IMGNAME,RANK) values (329,310,'http://192.168.0.122:8080/alphacar/resources/img/310wash3.jpg','20211119_113634.jpg',3);
Insert into ATEAM.STORE_FILE (FILE_ID,STORE_NUMBER,IMGPATH,IMGNAME,RANK) values (330,311,'http://192.168.0.122:8080/alphacar/resources/img/311wash3.jpg','20211224_090303.jpg',1);
Insert into ATEAM.STORE_FILE (FILE_ID,STORE_NUMBER,IMGPATH,IMGNAME,RANK) values (331,311,'http://192.168.0.122:8080/alphacar/resources/img/311wash2.jpg','20211224_090303.jpg',2);
Insert into ATEAM.STORE_FILE (FILE_ID,STORE_NUMBER,IMGPATH,IMGNAME,RANK) values (332,311,'http://192.168.0.122:8080/alphacar/resources/img/311wash1.jpg','20211224_090303.jpg',3);
Insert into ATEAM.STORE_FILE (FILE_ID,STORE_NUMBER,IMGPATH,IMGNAME,RANK) values (333,312,'http://192.168.0.122:8080/alphacar/resources/img/312wash3.jpg','20211224_090303.jpg',1);
Insert into ATEAM.STORE_FILE (FILE_ID,STORE_NUMBER,IMGPATH,IMGNAME,RANK) values (334,312,'http://192.168.0.122:8080/alphacar/resources/img/312wash2.jpg','20211224_090303.jpg',2);
Insert into ATEAM.STORE_FILE (FILE_ID,STORE_NUMBER,IMGPATH,IMGNAME,RANK) values (335,312,'http://192.168.0.122:8080/alphacar/resources/img/312wash1.jpg','20211224_090303.jpg',3);
Insert into ATEAM.STORE_FILE (FILE_ID,STORE_NUMBER,IMGPATH,IMGNAME,RANK) values (336,313,'http://192.168.0.122:8080/alphacar/resources/img/bubble3.jpg','Screenshot_20211223-153237_AlphaCar.jpg',1);
Insert into ATEAM.STORE_FILE (FILE_ID,STORE_NUMBER,IMGPATH,IMGNAME,RANK) values (337,313,'http://192.168.0.122:8080/alphacar/resources/img/bubble2.jpg','Screenshot_20211223-153237_AlphaCar.jpg',2);
Insert into ATEAM.STORE_FILE (FILE_ID,STORE_NUMBER,IMGPATH,IMGNAME,RANK) values (338,313,'http://192.168.0.122:8080/alphacar/resources/img/bubble1.jpg','Screenshot_20211223-153237_AlphaCar.jpg',3);
Insert into ATEAM.STORE_FILE (FILE_ID,STORE_NUMBER,IMGPATH,IMGNAME,RANK) values (339,321,'http://192.168.0.122:8080/alphacar/resources/img/321wash3.jpg','20211224_090303.jpg',1);
Insert into ATEAM.STORE_FILE (FILE_ID,STORE_NUMBER,IMGPATH,IMGNAME,RANK) values (340,321,'http://192.168.0.122:8080/alphacar/resources/img/321wash2.jpg','20211224_090303.jpg',2);
Insert into ATEAM.STORE_FILE (FILE_ID,STORE_NUMBER,IMGPATH,IMGNAME,RANK) values (341,321,'http://192.168.0.122:8080/alphacar/resources/img/321wash1.jpg','20211224_090303.jpg',3);
Insert into ATEAM.STORE_FILE (FILE_ID,STORE_NUMBER,IMGPATH,IMGNAME,RANK) values (342,322,'http://192.168.0.122:8080/alphacar/resources/img/322wash3.jpg','20211224_090303.jpg',1);
Insert into ATEAM.STORE_FILE (FILE_ID,STORE_NUMBER,IMGPATH,IMGNAME,RANK) values (343,322,'http://192.168.0.122:8080/alphacar/resources/img/322wash2.jpg','20211224_090303.jpg',2);
Insert into ATEAM.STORE_FILE (FILE_ID,STORE_NUMBER,IMGPATH,IMGNAME,RANK) values (344,322,'http://192.168.0.122:8080/alphacar/resources/img/322wash1.jpg','20211224_090303.jpg',3);
Insert into ATEAM.STORE_FILE (FILE_ID,STORE_NUMBER,IMGPATH,IMGNAME,RANK) values (345,323,'http://192.168.0.122:8080/alphacar/resources/img/Screenshot_20211227-094715_NAVER.jpg','Screenshot_20211227-094715_NAVER.jpg',1);
Insert into ATEAM.STORE_FILE (FILE_ID,STORE_NUMBER,IMGPATH,IMGNAME,RANK) values (346,323,'http://192.168.0.122:8080/alphacar/resources/img/Screenshot_20211227-094715_NAVER.jpg','Screenshot_20211227-094715_NAVER.jpg',2);
Insert into ATEAM.STORE_FILE (FILE_ID,STORE_NUMBER,IMGPATH,IMGNAME,RANK) values (347,323,'http://192.168.0.122:8080/alphacar/resources/img/Screenshot_20211227-094715_NAVER.jpg','Screenshot_20211227-094715_NAVER.jpg',3);
Insert into ATEAM.STORE_FILE (FILE_ID,STORE_NUMBER,IMGPATH,IMGNAME,RANK) values (359,330,'http://192.168.0.30:8989/alphacar/resources/pictures/company/78100dd7-aa02-46d3-a4b6-4e947f51cf48_227288_83184_2149.jpg','227288_83184_2149.jpg',3);
Insert into ATEAM.STORE_FILE (FILE_ID,STORE_NUMBER,IMGPATH,IMGNAME,RANK) values (360,332,'http://192.168.0.44:8989/alphacar/resources/pictures/company/0048dc12-7b1f-418d-a143-290da75f9ffa_99FAF0395ED7CC5D33.jpg','99FAF0395ED7CC5D33.jpg',1);
Insert into ATEAM.STORE_FILE (FILE_ID,STORE_NUMBER,IMGPATH,IMGNAME,RANK) values (361,332,'http://192.168.0.44:8989/alphacar/resources/pictures/company/9013f673-5652-4b85-840d-ff1cc0bdf419_267fc649d3a01.jpg','267fc649d3a01.jpg',2);
Insert into ATEAM.STORE_FILE (FILE_ID,STORE_NUMBER,IMGPATH,IMGNAME,RANK) values (351,328,'http://192.168.0.22:8989/alphacar/resources/pictures/company/cca4424d-9195-482d-a5a5-df4ec7f0e37b_9b8b330d-3b71-4190-8966-d4fea052e020.jpg','9b8b330d-3b71-4190-8966-d4fea052e020.jpg',1);
Insert into ATEAM.STORE_FILE (FILE_ID,STORE_NUMBER,IMGPATH,IMGNAME,RANK) values (362,332,'http://192.168.0.44:8989/alphacar/resources/pictures/company/89103169-4ab2-4383-97b5-b0a4403ca7bd_86709_48492_1158.jpg','86709_48492_1158.jpg',3);
Insert into ATEAM.STORE_FILE (FILE_ID,STORE_NUMBER,IMGPATH,IMGNAME,RANK) values (352,328,'http://192.168.0.22:8989/alphacar/resources/pictures/company/c4e98148-583f-4d08-babc-e794d960c644_2021-04-29.jpg','2021-04-29.jpg',2);
Insert into ATEAM.STORE_FILE (FILE_ID,STORE_NUMBER,IMGPATH,IMGNAME,RANK) values (353,328,'http://192.168.0.22:8989/alphacar/resources/pictures/company/d44fcba4-87f9-4e75-bb63-e1e54b629af4_Lr_IMG_6017.jpg','Lr_IMG_6017.jpg',3);
REM INSERTING into ATEAM.WEB_BEST_QNA
SET DEFINE OFF;
Insert into ATEAM.WEB_BEST_QNA (BEST_QNA_ID,CUSTOMER_EMAIL,BEST_QNA_TITLE,BEST_QNA_WRITEDATE,BEST_QNA_READCNT,BEST_QNA_ATTRIBUTE) values (182,'admin@gmail.com','고객님께서 자주 묻는 질문입니다.',to_date('21/12/24 17:25:46','RR/MM/DD HH24:MI:SS'),1,'C');
Insert into ATEAM.WEB_BEST_QNA (BEST_QNA_ID,CUSTOMER_EMAIL,BEST_QNA_TITLE,BEST_QNA_WRITEDATE,BEST_QNA_READCNT,BEST_QNA_ATTRIBUTE) values (183,'admin@gmail.com','알파카에 자주 묻는 질문 2',to_date('21/12/24 17:26:15','RR/MM/DD HH24:MI:SS'),2,'A');
Insert into ATEAM.WEB_BEST_QNA (BEST_QNA_ID,CUSTOMER_EMAIL,BEST_QNA_TITLE,BEST_QNA_WRITEDATE,BEST_QNA_READCNT,BEST_QNA_ATTRIBUTE) values (222,'admin@gmail.com','견학문의',to_date('21/12/28 12:34:03','RR/MM/DD HH24:MI:SS'),0,'A');
Insert into ATEAM.WEB_BEST_QNA (BEST_QNA_ID,CUSTOMER_EMAIL,BEST_QNA_TITLE,BEST_QNA_WRITEDATE,BEST_QNA_READCNT,BEST_QNA_ATTRIBUTE) values (221,'admin@gmail.com','로그인은 어디에서 하나요?',to_date('21/12/28 12:31:49','RR/MM/DD HH24:MI:SS'),2,'M');
Insert into ATEAM.WEB_BEST_QNA (BEST_QNA_ID,CUSTOMER_EMAIL,BEST_QNA_TITLE,BEST_QNA_WRITEDATE,BEST_QNA_READCNT,BEST_QNA_ATTRIBUTE) values (223,'admin@gmail.com','리뷰는 어디에서 할 수 있나요?',to_date('21/12/28 12:34:27','RR/MM/DD HH24:MI:SS'),0,'C');
Insert into ATEAM.WEB_BEST_QNA (BEST_QNA_ID,CUSTOMER_EMAIL,BEST_QNA_TITLE,BEST_QNA_WRITEDATE,BEST_QNA_READCNT,BEST_QNA_ATTRIBUTE) values (224,'admin@gmail.com','가게등록은 어디에서 할 수 있나요?',to_date('21/12/28 12:34:40','RR/MM/DD HH24:MI:SS'),0,'S');
Insert into ATEAM.WEB_BEST_QNA (BEST_QNA_ID,CUSTOMER_EMAIL,BEST_QNA_TITLE,BEST_QNA_WRITEDATE,BEST_QNA_READCNT,BEST_QNA_ATTRIBUTE) values (225,'admin@gmail.com','가게 수정은 어디에서 하나요?',to_date('21/12/28 12:34:56','RR/MM/DD HH24:MI:SS'),0,'S');
Insert into ATEAM.WEB_BEST_QNA (BEST_QNA_ID,CUSTOMER_EMAIL,BEST_QNA_TITLE,BEST_QNA_WRITEDATE,BEST_QNA_READCNT,BEST_QNA_ATTRIBUTE) values (226,'admin@gmail.com','자주묻는질문들',to_date('21/12/28 12:35:16','RR/MM/DD HH24:MI:SS'),0,'A');
Insert into ATEAM.WEB_BEST_QNA (BEST_QNA_ID,CUSTOMER_EMAIL,BEST_QNA_TITLE,BEST_QNA_WRITEDATE,BEST_QNA_READCNT,BEST_QNA_ATTRIBUTE) values (227,'admin@gmail.com','실시간 문의는 어디에서 하나요?',to_date('21/12/28 12:35:47','RR/MM/DD HH24:MI:SS'),0,'M');
Insert into ATEAM.WEB_BEST_QNA (BEST_QNA_ID,CUSTOMER_EMAIL,BEST_QNA_TITLE,BEST_QNA_WRITEDATE,BEST_QNA_READCNT,BEST_QNA_ATTRIBUTE) values (228,'admin@gmail.com','회원탈퇴는 어디에서 하나요?',to_date('21/12/28 12:36:02','RR/MM/DD HH24:MI:SS'),0,'C');
Insert into ATEAM.WEB_BEST_QNA (BEST_QNA_ID,CUSTOMER_EMAIL,BEST_QNA_TITLE,BEST_QNA_WRITEDATE,BEST_QNA_READCNT,BEST_QNA_ATTRIBUTE) values (229,'admin@gmail.com','가게 그래프는 어디에서 보나요?',to_date('21/12/28 12:36:17','RR/MM/DD HH24:MI:SS'),0,'S');
Insert into ATEAM.WEB_BEST_QNA (BEST_QNA_ID,CUSTOMER_EMAIL,BEST_QNA_TITLE,BEST_QNA_WRITEDATE,BEST_QNA_READCNT,BEST_QNA_ATTRIBUTE) values (230,'admin@gmail.com','자주묻는 질문',to_date('21/12/28 12:36:29','RR/MM/DD HH24:MI:SS'),0,'C');
Insert into ATEAM.WEB_BEST_QNA (BEST_QNA_ID,CUSTOMER_EMAIL,BEST_QNA_TITLE,BEST_QNA_WRITEDATE,BEST_QNA_READCNT,BEST_QNA_ATTRIBUTE) values (231,'admin@gmail.com','자주 묻는 질문',to_date('21/12/28 15:17:01','RR/MM/DD HH24:MI:SS'),0,'M');
Insert into ATEAM.WEB_BEST_QNA (BEST_QNA_ID,CUSTOMER_EMAIL,BEST_QNA_TITLE,BEST_QNA_WRITEDATE,BEST_QNA_READCNT,BEST_QNA_ATTRIBUTE) values (232,'admin@gmail.com','자주 묻는 질문들',to_date('21/12/28 18:13:13','RR/MM/DD HH24:MI:SS'),0,'C');
REM INSERTING into ATEAM.WEB_NOTICE
SET DEFINE OFF;
Insert into ATEAM.WEB_NOTICE (NOTICE_ID,CUSTOMER_EMAIL,NOTICE_TITLE,NOTICE_WRITEDATE,NOTICE_READCNT,NOTICE_ROOT,NOTICE_STEP,NOTICE_INDENT,NOTICE_ATTRIBUTE) values (270,'admin@gmail.com','알파카 점검 시간을 안내해드립니다.',to_date('21/12/24 17:23:45','RR/MM/DD HH24:MI:SS'),8,null,0,0,'M');
Insert into ATEAM.WEB_NOTICE (NOTICE_ID,CUSTOMER_EMAIL,NOTICE_TITLE,NOTICE_WRITEDATE,NOTICE_READCNT,NOTICE_ROOT,NOTICE_STEP,NOTICE_INDENT,NOTICE_ATTRIBUTE) values (281,'admin@gmail.com','신규글 작성 테스트',to_date('21/12/27 09:38:21','RR/MM/DD HH24:MI:SS'),0,null,0,0,'A');
Insert into ATEAM.WEB_NOTICE (NOTICE_ID,CUSTOMER_EMAIL,NOTICE_TITLE,NOTICE_WRITEDATE,NOTICE_READCNT,NOTICE_ROOT,NOTICE_STEP,NOTICE_INDENT,NOTICE_ATTRIBUTE) values (293,'admin@gmail.com','서버 업데이트',to_date('21/12/28 12:37:59','RR/MM/DD HH24:MI:SS'),0,null,0,0,'M');
Insert into ATEAM.WEB_NOTICE (NOTICE_ID,CUSTOMER_EMAIL,NOTICE_TITLE,NOTICE_WRITEDATE,NOTICE_READCNT,NOTICE_ROOT,NOTICE_STEP,NOTICE_INDENT,NOTICE_ATTRIBUTE) values (291,'admin@gmail.com','업데이트 공지',to_date('21/12/28 12:37:23','RR/MM/DD HH24:MI:SS'),0,null,0,0,'M');
Insert into ATEAM.WEB_NOTICE (NOTICE_ID,CUSTOMER_EMAIL,NOTICE_TITLE,NOTICE_WRITEDATE,NOTICE_READCNT,NOTICE_ROOT,NOTICE_STEP,NOTICE_INDENT,NOTICE_ATTRIBUTE) values (292,'admin@gmail.com','알파카 하반기 공개채용',to_date('21/12/28 12:37:45','RR/MM/DD HH24:MI:SS'),0,null,0,0,'A');
Insert into ATEAM.WEB_NOTICE (NOTICE_ID,CUSTOMER_EMAIL,NOTICE_TITLE,NOTICE_WRITEDATE,NOTICE_READCNT,NOTICE_ROOT,NOTICE_STEP,NOTICE_INDENT,NOTICE_ATTRIBUTE) values (285,'admin@gmail.com','알파카 회원님들께 알립니다',to_date('21/12/27 14:50:07','RR/MM/DD HH24:MI:SS'),0,null,0,0,'N');
Insert into ATEAM.WEB_NOTICE (NOTICE_ID,CUSTOMER_EMAIL,NOTICE_TITLE,NOTICE_WRITEDATE,NOTICE_READCNT,NOTICE_ROOT,NOTICE_STEP,NOTICE_INDENT,NOTICE_ATTRIBUTE) values (286,'admin@gmail.com','신규 어플 공지',to_date('21/12/27 14:50:23','RR/MM/DD HH24:MI:SS'),0,null,0,0,'A');
Insert into ATEAM.WEB_NOTICE (NOTICE_ID,CUSTOMER_EMAIL,NOTICE_TITLE,NOTICE_WRITEDATE,NOTICE_READCNT,NOTICE_ROOT,NOTICE_STEP,NOTICE_INDENT,NOTICE_ATTRIBUTE) values (294,'admin@gmail.com','긴급 서버 점검',to_date('21/12/28 12:38:12','RR/MM/DD HH24:MI:SS'),0,null,0,0,'N');
Insert into ATEAM.WEB_NOTICE (NOTICE_ID,CUSTOMER_EMAIL,NOTICE_TITLE,NOTICE_WRITEDATE,NOTICE_READCNT,NOTICE_ROOT,NOTICE_STEP,NOTICE_INDENT,NOTICE_ATTRIBUTE) values (288,'admin@gmail.com','점검시간 안내입니다.',to_date('21/12/27 14:50:50','RR/MM/DD HH24:MI:SS'),0,null,0,0,'M');
Insert into ATEAM.WEB_NOTICE (NOTICE_ID,CUSTOMER_EMAIL,NOTICE_TITLE,NOTICE_WRITEDATE,NOTICE_READCNT,NOTICE_ROOT,NOTICE_STEP,NOTICE_INDENT,NOTICE_ATTRIBUTE) values (289,'admin@gmail.com','알파카 회원님들께 알립니다',to_date('21/12/27 14:51:01','RR/MM/DD HH24:MI:SS'),0,null,0,0,'A');
Insert into ATEAM.WEB_NOTICE (NOTICE_ID,CUSTOMER_EMAIL,NOTICE_TITLE,NOTICE_WRITEDATE,NOTICE_READCNT,NOTICE_ROOT,NOTICE_STEP,NOTICE_INDENT,NOTICE_ATTRIBUTE) values (290,'admin@gmail.com','신규 어플 공지',to_date('21/12/27 14:51:13','RR/MM/DD HH24:MI:SS'),5,null,0,0,'M');
Insert into ATEAM.WEB_NOTICE (NOTICE_ID,CUSTOMER_EMAIL,NOTICE_TITLE,NOTICE_WRITEDATE,NOTICE_READCNT,NOTICE_ROOT,NOTICE_STEP,NOTICE_INDENT,NOTICE_ATTRIBUTE) values (295,'admin@gmail.com','공지글 테스트 중입니다',to_date('21/12/28 12:38:28','RR/MM/DD HH24:MI:SS'),1,null,0,0,'N');
Insert into ATEAM.WEB_NOTICE (NOTICE_ID,CUSTOMER_EMAIL,NOTICE_TITLE,NOTICE_WRITEDATE,NOTICE_READCNT,NOTICE_ROOT,NOTICE_STEP,NOTICE_INDENT,NOTICE_ATTRIBUTE) values (296,'admin@gmail.com','알파카 견학 공지',to_date('21/12/28 12:38:41','RR/MM/DD HH24:MI:SS'),27,null,0,0,'A');
REM INSERTING into ATEAM.WEB_NOTICE_COMENT
SET DEFINE OFF;
Insert into ATEAM.WEB_NOTICE_COMENT (NOTICE_COMENT_ID,NOTICE_ID,CUSTOMER_EMAIL,COMENT_WRITEDATE) values (182,290,'customer1@naver.com',to_date('21/12/28 10:32:09','RR/MM/DD HH24:MI:SS'));
Insert into ATEAM.WEB_NOTICE_COMENT (NOTICE_COMENT_ID,NOTICE_ID,CUSTOMER_EMAIL,COMENT_WRITEDATE) values (172,270,'admin@gmail.com',to_date('21/12/24 17:24:25','RR/MM/DD HH24:MI:SS'));
Insert into ATEAM.WEB_NOTICE_COMENT (NOTICE_COMENT_ID,NOTICE_ID,CUSTOMER_EMAIL,COMENT_WRITEDATE) values (184,296,'2025766894',to_date('21/12/28 12:40:03','RR/MM/DD HH24:MI:SS'));
Insert into ATEAM.WEB_NOTICE_COMENT (NOTICE_COMENT_ID,NOTICE_ID,CUSTOMER_EMAIL,COMENT_WRITEDATE) values (183,296,'customer1@naver.com',to_date('21/12/28 12:39:22','RR/MM/DD HH24:MI:SS'));
Insert into ATEAM.WEB_NOTICE_COMENT (NOTICE_COMENT_ID,NOTICE_ID,CUSTOMER_EMAIL,COMENT_WRITEDATE) values (185,296,'a@naver.com',to_date('21/12/28 12:46:38','RR/MM/DD HH24:MI:SS'));
Insert into ATEAM.WEB_NOTICE_COMENT (NOTICE_COMENT_ID,NOTICE_ID,CUSTOMER_EMAIL,COMENT_WRITEDATE) values (188,296,'2017727826',to_date('21/12/28 14:54:50','RR/MM/DD HH24:MI:SS'));
Insert into ATEAM.WEB_NOTICE_COMENT (NOTICE_COMENT_ID,NOTICE_ID,CUSTOMER_EMAIL,COMENT_WRITEDATE) values (191,296,'customer@gmail.com',to_date('21/12/29 09:26:34','RR/MM/DD HH24:MI:SS'));
REM INSERTING into ATEAM.WEB_QNA
SET DEFINE OFF;
Insert into ATEAM.WEB_QNA (QNA_ID,CUSTOMER_EMAIL,QNA_TITLE,QNA_WRITEDATE,QNA_READCNT,QNA_ROOT,QNA_STEP,QNA_INDENT,QNA_ATTRIBUTE,QNA_PID) values (370,'q','답변2',to_date('21/12/28 11:02:48','RR/MM/DD HH24:MI:SS'),0,369,1,1,null,'customer@gmail.com');
Insert into ATEAM.WEB_QNA (QNA_ID,CUSTOMER_EMAIL,QNA_TITLE,QNA_WRITEDATE,QNA_READCNT,QNA_ROOT,QNA_STEP,QNA_INDENT,QNA_ATTRIBUTE,QNA_PID) values (371,'q','답변',to_date('21/12/28 11:02:54','RR/MM/DD HH24:MI:SS'),0,368,1,1,null,'customer@gmail.com');
Insert into ATEAM.WEB_QNA (QNA_ID,CUSTOMER_EMAIL,QNA_TITLE,QNA_WRITEDATE,QNA_READCNT,QNA_ROOT,QNA_STEP,QNA_INDENT,QNA_ATTRIBUTE,QNA_PID) values (372,'customer@gmail.com','궁금3',to_date('21/12/28 11:03:18','RR/MM/DD HH24:MI:SS'),1,372,0,0,'C','customer@gmail.com');
Insert into ATEAM.WEB_QNA (QNA_ID,CUSTOMER_EMAIL,QNA_TITLE,QNA_WRITEDATE,QNA_READCNT,QNA_ROOT,QNA_STEP,QNA_INDENT,QNA_ATTRIBUTE,QNA_PID) values (373,'customer@gmail.com','궁금4',to_date('21/12/28 11:03:23','RR/MM/DD HH24:MI:SS'),1,373,0,0,'C','customer@gmail.com');
Insert into ATEAM.WEB_QNA (QNA_ID,CUSTOMER_EMAIL,QNA_TITLE,QNA_WRITEDATE,QNA_READCNT,QNA_ROOT,QNA_STEP,QNA_INDENT,QNA_ATTRIBUTE,QNA_PID) values (374,'customer@gmail.com','궁금5',to_date('21/12/28 11:03:31','RR/MM/DD HH24:MI:SS'),1,374,0,0,'C','customer@gmail.com');
Insert into ATEAM.WEB_QNA (QNA_ID,CUSTOMER_EMAIL,QNA_TITLE,QNA_WRITEDATE,QNA_READCNT,QNA_ROOT,QNA_STEP,QNA_INDENT,QNA_ATTRIBUTE,QNA_PID) values (368,'customer@gmail.com','궁금',to_date('21/12/28 11:01:29','RR/MM/DD HH24:MI:SS'),1,368,0,0,'C','customer@gmail.com');
Insert into ATEAM.WEB_QNA (QNA_ID,CUSTOMER_EMAIL,QNA_TITLE,QNA_WRITEDATE,QNA_READCNT,QNA_ROOT,QNA_STEP,QNA_INDENT,QNA_ATTRIBUTE,QNA_PID) values (369,'customer@gmail.com','궁금2',to_date('21/12/28 11:02:30','RR/MM/DD HH24:MI:SS'),1,369,0,0,'C','customer@gmail.com');
Insert into ATEAM.WEB_QNA (QNA_ID,CUSTOMER_EMAIL,QNA_TITLE,QNA_WRITEDATE,QNA_READCNT,QNA_ROOT,QNA_STEP,QNA_INDENT,QNA_ATTRIBUTE,QNA_PID) values (375,'customer@gmail.com','궁금6',to_date('21/12/28 11:03:37','RR/MM/DD HH24:MI:SS'),1,375,0,0,'C','customer@gmail.com');
Insert into ATEAM.WEB_QNA (QNA_ID,CUSTOMER_EMAIL,QNA_TITLE,QNA_WRITEDATE,QNA_READCNT,QNA_ROOT,QNA_STEP,QNA_INDENT,QNA_ATTRIBUTE,QNA_PID) values (376,'customer@gmail.com','궁금7',to_date('21/12/28 11:03:42','RR/MM/DD HH24:MI:SS'),2,376,0,0,'C','customer@gmail.com');
Insert into ATEAM.WEB_QNA (QNA_ID,CUSTOMER_EMAIL,QNA_TITLE,QNA_WRITEDATE,QNA_READCNT,QNA_ROOT,QNA_STEP,QNA_INDENT,QNA_ATTRIBUTE,QNA_PID) values (377,'customer@gmail.com','궁금8',to_date('21/12/28 11:03:50','RR/MM/DD HH24:MI:SS'),2,377,0,0,'C','customer@gmail.com');
Insert into ATEAM.WEB_QNA (QNA_ID,CUSTOMER_EMAIL,QNA_TITLE,QNA_WRITEDATE,QNA_READCNT,QNA_ROOT,QNA_STEP,QNA_INDENT,QNA_ATTRIBUTE,QNA_PID) values (378,'customer@gmail.com','궁금9',to_date('21/12/28 11:03:56','RR/MM/DD HH24:MI:SS'),1,378,0,0,'C','customer@gmail.com');
Insert into ATEAM.WEB_QNA (QNA_ID,CUSTOMER_EMAIL,QNA_TITLE,QNA_WRITEDATE,QNA_READCNT,QNA_ROOT,QNA_STEP,QNA_INDENT,QNA_ATTRIBUTE,QNA_PID) values (379,'customer@gmail.com','궁금10',to_date('21/12/28 11:04:04','RR/MM/DD HH24:MI:SS'),2,379,0,0,'C','customer@gmail.com');
Insert into ATEAM.WEB_QNA (QNA_ID,CUSTOMER_EMAIL,QNA_TITLE,QNA_WRITEDATE,QNA_READCNT,QNA_ROOT,QNA_STEP,QNA_INDENT,QNA_ATTRIBUTE,QNA_PID) values (380,'q','답변3',to_date('21/12/28 11:04:32','RR/MM/DD HH24:MI:SS'),0,372,1,1,null,'customer@gmail.com');
Insert into ATEAM.WEB_QNA (QNA_ID,CUSTOMER_EMAIL,QNA_TITLE,QNA_WRITEDATE,QNA_READCNT,QNA_ROOT,QNA_STEP,QNA_INDENT,QNA_ATTRIBUTE,QNA_PID) values (381,'q','답변4',to_date('21/12/28 11:04:40','RR/MM/DD HH24:MI:SS'),0,373,1,1,null,'customer@gmail.com');
Insert into ATEAM.WEB_QNA (QNA_ID,CUSTOMER_EMAIL,QNA_TITLE,QNA_WRITEDATE,QNA_READCNT,QNA_ROOT,QNA_STEP,QNA_INDENT,QNA_ATTRIBUTE,QNA_PID) values (382,'q','답변5',to_date('21/12/28 11:04:47','RR/MM/DD HH24:MI:SS'),2,374,1,1,null,'customer@gmail.com');
Insert into ATEAM.WEB_QNA (QNA_ID,CUSTOMER_EMAIL,QNA_TITLE,QNA_WRITEDATE,QNA_READCNT,QNA_ROOT,QNA_STEP,QNA_INDENT,QNA_ATTRIBUTE,QNA_PID) values (383,'q','답변6',to_date('21/12/28 11:04:54','RR/MM/DD HH24:MI:SS'),0,375,1,1,null,'customer@gmail.com');
Insert into ATEAM.WEB_QNA (QNA_ID,CUSTOMER_EMAIL,QNA_TITLE,QNA_WRITEDATE,QNA_READCNT,QNA_ROOT,QNA_STEP,QNA_INDENT,QNA_ATTRIBUTE,QNA_PID) values (384,'q','답변7',to_date('21/12/28 11:05:02','RR/MM/DD HH24:MI:SS'),1,376,2,1,null,'customer@gmail.com');
Insert into ATEAM.WEB_QNA (QNA_ID,CUSTOMER_EMAIL,QNA_TITLE,QNA_WRITEDATE,QNA_READCNT,QNA_ROOT,QNA_STEP,QNA_INDENT,QNA_ATTRIBUTE,QNA_PID) values (385,'q','답변8',to_date('21/12/28 11:05:10','RR/MM/DD HH24:MI:SS'),3,377,1,1,null,'customer@gmail.com');
Insert into ATEAM.WEB_QNA (QNA_ID,CUSTOMER_EMAIL,QNA_TITLE,QNA_WRITEDATE,QNA_READCNT,QNA_ROOT,QNA_STEP,QNA_INDENT,QNA_ATTRIBUTE,QNA_PID) values (386,'q','답변9',to_date('21/12/28 11:05:16','RR/MM/DD HH24:MI:SS'),0,378,1,1,null,'customer@gmail.com');
Insert into ATEAM.WEB_QNA (QNA_ID,CUSTOMER_EMAIL,QNA_TITLE,QNA_WRITEDATE,QNA_READCNT,QNA_ROOT,QNA_STEP,QNA_INDENT,QNA_ATTRIBUTE,QNA_PID) values (387,'q','답변10',to_date('21/12/28 11:05:26','RR/MM/DD HH24:MI:SS'),1,379,1,1,null,'customer@gmail.com');
Insert into ATEAM.WEB_QNA (QNA_ID,CUSTOMER_EMAIL,QNA_TITLE,QNA_WRITEDATE,QNA_READCNT,QNA_ROOT,QNA_STEP,QNA_INDENT,QNA_ATTRIBUTE,QNA_PID) values (388,'q','답변10-1',to_date('21/12/28 11:05:36','RR/MM/DD HH24:MI:SS'),0,379,2,2,null,'customer@gmail.com');
Insert into ATEAM.WEB_QNA (QNA_ID,CUSTOMER_EMAIL,QNA_TITLE,QNA_WRITEDATE,QNA_READCNT,QNA_ROOT,QNA_STEP,QNA_INDENT,QNA_ATTRIBUTE,QNA_PID) values (389,'q','답변7-1',to_date('21/12/28 11:05:51','RR/MM/DD HH24:MI:SS'),1,376,3,2,null,'customer@gmail.com');
Insert into ATEAM.WEB_QNA (QNA_ID,CUSTOMER_EMAIL,QNA_TITLE,QNA_WRITEDATE,QNA_READCNT,QNA_ROOT,QNA_STEP,QNA_INDENT,QNA_ATTRIBUTE,QNA_PID) values (390,'q','답변7(2)',to_date('21/12/28 11:06:06','RR/MM/DD HH24:MI:SS'),0,376,1,1,null,'customer@gmail.com');
Insert into ATEAM.WEB_QNA (QNA_ID,CUSTOMER_EMAIL,QNA_TITLE,QNA_WRITEDATE,QNA_READCNT,QNA_ROOT,QNA_STEP,QNA_INDENT,QNA_ATTRIBUTE,QNA_PID) values (391,'customer@gmail.com','궁금쓰',to_date('21/12/28 11:58:05','RR/MM/DD HH24:MI:SS'),1,391,0,0,'C','customer@gmail.com');
Insert into ATEAM.WEB_QNA (QNA_ID,CUSTOMER_EMAIL,QNA_TITLE,QNA_WRITEDATE,QNA_READCNT,QNA_ROOT,QNA_STEP,QNA_INDENT,QNA_ATTRIBUTE,QNA_PID) values (392,'admin@gmail.com','답변쓰',to_date('21/12/28 11:58:26','RR/MM/DD HH24:MI:SS'),1,391,1,1,null,'customer@gmail.com');
Insert into ATEAM.WEB_QNA (QNA_ID,CUSTOMER_EMAIL,QNA_TITLE,QNA_WRITEDATE,QNA_READCNT,QNA_ROOT,QNA_STEP,QNA_INDENT,QNA_ATTRIBUTE,QNA_PID) values (398,'admin@gmail.com','문희 답글입니다',to_date('21/12/28 14:58:35','RR/MM/DD HH24:MI:SS'),1,397,1,1,null,'customer@gmail.com');
Insert into ATEAM.WEB_QNA (QNA_ID,CUSTOMER_EMAIL,QNA_TITLE,QNA_WRITEDATE,QNA_READCNT,QNA_ROOT,QNA_STEP,QNA_INDENT,QNA_ATTRIBUTE,QNA_PID) values (399,'customer@gmail.com','문의합니다',to_date('21/12/28 15:09:35','RR/MM/DD HH24:MI:SS'),1,399,0,0,'C','customer@gmail.com');
Insert into ATEAM.WEB_QNA (QNA_ID,CUSTOMER_EMAIL,QNA_TITLE,QNA_WRITEDATE,QNA_READCNT,QNA_ROOT,QNA_STEP,QNA_INDENT,QNA_ATTRIBUTE,QNA_PID) values (400,'admin@gmail.com','답글입니다',to_date('21/12/28 15:17:44','RR/MM/DD HH24:MI:SS'),2,399,1,1,null,'customer@gmail.com');
Insert into ATEAM.WEB_QNA (QNA_ID,CUSTOMER_EMAIL,QNA_TITLE,QNA_WRITEDATE,QNA_READCNT,QNA_ROOT,QNA_STEP,QNA_INDENT,QNA_ATTRIBUTE,QNA_PID) values (397,'customer@gmail.com','문희',to_date('21/12/28 14:58:07','RR/MM/DD HH24:MI:SS'),1,397,0,0,'C','customer@gmail.com');
Insert into ATEAM.WEB_QNA (QNA_ID,CUSTOMER_EMAIL,QNA_TITLE,QNA_WRITEDATE,QNA_READCNT,QNA_ROOT,QNA_STEP,QNA_INDENT,QNA_ATTRIBUTE,QNA_PID) values (401,'customer@gmail.com','문의합니다',to_date('21/12/28 18:07:36','RR/MM/DD HH24:MI:SS'),1,401,0,0,'C','customer@gmail.com');
Insert into ATEAM.WEB_QNA (QNA_ID,CUSTOMER_EMAIL,QNA_TITLE,QNA_WRITEDATE,QNA_READCNT,QNA_ROOT,QNA_STEP,QNA_INDENT,QNA_ATTRIBUTE,QNA_PID) values (402,'admin@gmail.com','답',to_date('21/12/28 18:13:47','RR/MM/DD HH24:MI:SS'),0,401,1,1,null,'customer@gmail.com');
--------------------------------------------------------
--  DDL for Index PK_SENSOR
--------------------------------------------------------

  CREATE UNIQUE INDEX "ATEAM"."PK_SENSOR" ON "ATEAM"."SENSOR" ("SENSOR_ID") 
  PCTFREE 10 INITRANS 2 MAXTRANS 255 COMPUTE STATISTICS 
  STORAGE(INITIAL 65536 NEXT 1048576 MINEXTENTS 1 MAXEXTENTS 2147483645
  PCTINCREASE 0 FREELISTS 1 FREELIST GROUPS 1 BUFFER_POOL DEFAULT FLASH_CACHE DEFAULT CELL_FLASH_CACHE DEFAULT)
  TABLESPACE "SYSTEM" ;
--------------------------------------------------------
--  DDL for Index AUTHORITY_PK
--------------------------------------------------------

  CREATE UNIQUE INDEX "ATEAM"."AUTHORITY_PK" ON "ATEAM"."AUTHORITY" ("AUTHORITY_NUMBER") 
  PCTFREE 10 INITRANS 2 MAXTRANS 255 COMPUTE STATISTICS 
  STORAGE(INITIAL 65536 NEXT 1048576 MINEXTENTS 1 MAXEXTENTS 2147483645
  PCTINCREASE 0 FREELISTS 1 FREELIST GROUPS 1 BUFFER_POOL DEFAULT FLASH_CACHE DEFAULT CELL_FLASH_CACHE DEFAULT)
  TABLESPACE "SYSTEM" ;
--------------------------------------------------------
--  DDL for Index PK_STORE
--------------------------------------------------------

  CREATE UNIQUE INDEX "ATEAM"."PK_STORE" ON "ATEAM"."STORE" ("STORE_NUMBER") 
  PCTFREE 10 INITRANS 2 MAXTRANS 255 COMPUTE STATISTICS 
  STORAGE(INITIAL 65536 NEXT 1048576 MINEXTENTS 1 MAXEXTENTS 2147483645
  PCTINCREASE 0 FREELISTS 1 FREELIST GROUPS 1 BUFFER_POOL DEFAULT FLASH_CACHE DEFAULT CELL_FLASH_CACHE DEFAULT)
  TABLESPACE "SYSTEM" ;
--------------------------------------------------------
--  DDL for Index PK_CUSTOMER
--------------------------------------------------------

  CREATE UNIQUE INDEX "ATEAM"."PK_CUSTOMER" ON "ATEAM"."CUSTOMER" ("CUSTOMER_EMAIL") 
  PCTFREE 10 INITRANS 2 MAXTRANS 255 COMPUTE STATISTICS 
  STORAGE(INITIAL 65536 NEXT 1048576 MINEXTENTS 1 MAXEXTENTS 2147483645
  PCTINCREASE 0 FREELISTS 1 FREELIST GROUPS 1 BUFFER_POOL DEFAULT FLASH_CACHE DEFAULT CELL_FLASH_CACHE DEFAULT)
  TABLESPACE "SYSTEM" ;
--------------------------------------------------------
--  DDL for Index PK_WEB_NOTICE
--------------------------------------------------------

  CREATE UNIQUE INDEX "ATEAM"."PK_WEB_NOTICE" ON "ATEAM"."WEB_NOTICE" ("NOTICE_ID") 
  PCTFREE 10 INITRANS 2 MAXTRANS 255 COMPUTE STATISTICS 
  STORAGE(INITIAL 65536 NEXT 1048576 MINEXTENTS 1 MAXEXTENTS 2147483645
  PCTINCREASE 0 FREELISTS 1 FREELIST GROUPS 1 BUFFER_POOL DEFAULT FLASH_CACHE DEFAULT CELL_FLASH_CACHE DEFAULT)
  TABLESPACE "SYSTEM" ;
--------------------------------------------------------
--  DDL for Index PK_STATE_LOG
--------------------------------------------------------

  CREATE UNIQUE INDEX "ATEAM"."PK_STATE_LOG" ON "ATEAM"."STATE_LOG" ("LOG_ID") 
  PCTFREE 10 INITRANS 2 MAXTRANS 255 COMPUTE STATISTICS 
  STORAGE(INITIAL 65536 NEXT 1048576 MINEXTENTS 1 MAXEXTENTS 2147483645
  PCTINCREASE 0 FREELISTS 1 FREELIST GROUPS 1 BUFFER_POOL DEFAULT FLASH_CACHE DEFAULT CELL_FLASH_CACHE DEFAULT)
  TABLESPACE "SYSTEM" ;
--------------------------------------------------------
--  DDL for Index PK_FAVORITE
--------------------------------------------------------

  CREATE UNIQUE INDEX "ATEAM"."PK_FAVORITE" ON "ATEAM"."FAVORITE" ("FAV_NUMBER") 
  PCTFREE 10 INITRANS 2 MAXTRANS 255 COMPUTE STATISTICS 
  STORAGE(INITIAL 65536 NEXT 1048576 MINEXTENTS 1 MAXEXTENTS 2147483645
  PCTINCREASE 0 FREELISTS 1 FREELIST GROUPS 1 BUFFER_POOL DEFAULT FLASH_CACHE DEFAULT CELL_FLASH_CACHE DEFAULT)
  TABLESPACE "SYSTEM" ;
--------------------------------------------------------
--  DDL for Index PK_STORE_FILE
--------------------------------------------------------

  CREATE UNIQUE INDEX "ATEAM"."PK_STORE_FILE" ON "ATEAM"."STORE_FILE" ("FILE_ID") 
  PCTFREE 10 INITRANS 2 MAXTRANS 255 COMPUTE STATISTICS 
  STORAGE(INITIAL 65536 NEXT 1048576 MINEXTENTS 1 MAXEXTENTS 2147483645
  PCTINCREASE 0 FREELISTS 1 FREELIST GROUPS 1 BUFFER_POOL DEFAULT FLASH_CACHE DEFAULT CELL_FLASH_CACHE DEFAULT)
  TABLESPACE "SYSTEM" ;
--------------------------------------------------------
--  DDL for Index PK_WEB_NOTICE_COMENT
--------------------------------------------------------

  CREATE UNIQUE INDEX "ATEAM"."PK_WEB_NOTICE_COMENT" ON "ATEAM"."WEB_NOTICE_COMENT" ("NOTICE_COMENT_ID") 
  PCTFREE 10 INITRANS 2 MAXTRANS 255 COMPUTE STATISTICS 
  STORAGE(INITIAL 65536 NEXT 1048576 MINEXTENTS 1 MAXEXTENTS 2147483645
  PCTINCREASE 0 FREELISTS 1 FREELIST GROUPS 1 BUFFER_POOL DEFAULT FLASH_CACHE DEFAULT CELL_FLASH_CACHE DEFAULT)
  TABLESPACE "SYSTEM" ;
--------------------------------------------------------
--  DDL for Index PK_WEB_QNA
--------------------------------------------------------

  CREATE UNIQUE INDEX "ATEAM"."PK_WEB_QNA" ON "ATEAM"."WEB_QNA" ("QNA_ID") 
  PCTFREE 10 INITRANS 2 MAXTRANS 255 COMPUTE STATISTICS 
  STORAGE(INITIAL 65536 NEXT 1048576 MINEXTENTS 1 MAXEXTENTS 2147483645
  PCTINCREASE 0 FREELISTS 1 FREELIST GROUPS 1 BUFFER_POOL DEFAULT FLASH_CACHE DEFAULT CELL_FLASH_CACHE DEFAULT)
  TABLESPACE "SYSTEM" ;
--------------------------------------------------------
--  DDL for Index PK_STATE
--------------------------------------------------------

  CREATE UNIQUE INDEX "ATEAM"."PK_STATE" ON "ATEAM"."STATE" ("INVENTORY_NUMBER", "STORE_NUMBER") 
  PCTFREE 10 INITRANS 2 MAXTRANS 255 COMPUTE STATISTICS 
  STORAGE(INITIAL 65536 NEXT 1048576 MINEXTENTS 1 MAXEXTENTS 2147483645
  PCTINCREASE 0 FREELISTS 1 FREELIST GROUPS 1 BUFFER_POOL DEFAULT FLASH_CACHE DEFAULT CELL_FLASH_CACHE DEFAULT)
  TABLESPACE "SYSTEM" ;
--------------------------------------------------------
--  DDL for Index PK_REVIEW
--------------------------------------------------------

  CREATE UNIQUE INDEX "ATEAM"."PK_REVIEW" ON "ATEAM"."REVIEW" ("REVIEW_ID") 
  PCTFREE 10 INITRANS 2 MAXTRANS 255 COMPUTE STATISTICS 
  STORAGE(INITIAL 65536 NEXT 1048576 MINEXTENTS 1 MAXEXTENTS 2147483645
  PCTINCREASE 0 FREELISTS 1 FREELIST GROUPS 1 BUFFER_POOL DEFAULT FLASH_CACHE DEFAULT CELL_FLASH_CACHE DEFAULT)
  TABLESPACE "SYSTEM" ;
--------------------------------------------------------
--  DDL for Index PK_WEB_BEST_QNA
--------------------------------------------------------

  CREATE UNIQUE INDEX "ATEAM"."PK_WEB_BEST_QNA" ON "ATEAM"."WEB_BEST_QNA" ("BEST_QNA_ID") 
  PCTFREE 10 INITRANS 2 MAXTRANS 255 COMPUTE STATISTICS 
  STORAGE(INITIAL 65536 NEXT 1048576 MINEXTENTS 1 MAXEXTENTS 2147483645
  PCTINCREASE 0 FREELISTS 1 FREELIST GROUPS 1 BUFFER_POOL DEFAULT FLASH_CACHE DEFAULT CELL_FLASH_CACHE DEFAULT)
  TABLESPACE "SYSTEM" ;
--------------------------------------------------------
--  DDL for Trigger TRG_STATE_LOG
--------------------------------------------------------

  CREATE OR REPLACE TRIGGER "ATEAM"."TRG_STATE_LOG" 
after update of now_state on state
for EACH row
declare
    t_inventory_number state.inventory_number%type;
    t_store_number state.store_number%type;
    t_sensor_id state.sensor_id%type;
    t_now_state state.now_state%type;

begin 

    t_now_state := :new.now_state;
    t_inventory_number := :old.inventory_number;
    t_store_number := :old.store_number;
     t_sensor_id := :old.sensor_id;

    if t_now_state like '%Y%' then 
        insert into state_log (log_id, inventory_number, store_number, sensor_id, log, in_out)
        values (SEQ_STATE_LOG_ID.nextval, t_inventory_number, t_store_number, t_sensor_id, sysdate, 'O' );
    elsif t_now_state like '%N%' then
        insert into state_log (log_id, inventory_number, store_number, sensor_id, log, in_out)
        values (SEQ_STATE_LOG_ID.nextval,  t_inventory_number, t_store_number, t_sensor_id, sysdate, 'I' );
    else 
        return ;
    end if;

end;
/
ALTER TRIGGER "ATEAM"."TRG_STATE_LOG" ENABLE;
--------------------------------------------------------
--  Constraints for Table REVIEW
--------------------------------------------------------

  ALTER TABLE "ATEAM"."REVIEW" ADD CONSTRAINT "PK_REVIEW" PRIMARY KEY ("REVIEW_ID")
  USING INDEX PCTFREE 10 INITRANS 2 MAXTRANS 255 COMPUTE STATISTICS 
  STORAGE(INITIAL 65536 NEXT 1048576 MINEXTENTS 1 MAXEXTENTS 2147483645
  PCTINCREASE 0 FREELISTS 1 FREELIST GROUPS 1 BUFFER_POOL DEFAULT FLASH_CACHE DEFAULT CELL_FLASH_CACHE DEFAULT)
  TABLESPACE "SYSTEM"  ENABLE;
  ALTER TABLE "ATEAM"."REVIEW" MODIFY ("REVIEW_SCORE" NOT NULL ENABLE);
  ALTER TABLE "ATEAM"."REVIEW" MODIFY ("REVIEW_CONTENT" NOT NULL ENABLE);
  ALTER TABLE "ATEAM"."REVIEW" MODIFY ("REVIEW_TITLE" NOT NULL ENABLE);
  ALTER TABLE "ATEAM"."REVIEW" MODIFY ("STORE_NUMBER" NOT NULL ENABLE);
  ALTER TABLE "ATEAM"."REVIEW" MODIFY ("CUSTOMER_EMAIL" NOT NULL ENABLE);
  ALTER TABLE "ATEAM"."REVIEW" MODIFY ("REVIEW_ID" NOT NULL ENABLE);
--------------------------------------------------------
--  Constraints for Table SENSOR
--------------------------------------------------------

  ALTER TABLE "ATEAM"."SENSOR" ADD CONSTRAINT "PK_SENSOR" PRIMARY KEY ("SENSOR_ID")
  USING INDEX PCTFREE 10 INITRANS 2 MAXTRANS 255 COMPUTE STATISTICS 
  STORAGE(INITIAL 65536 NEXT 1048576 MINEXTENTS 1 MAXEXTENTS 2147483645
  PCTINCREASE 0 FREELISTS 1 FREELIST GROUPS 1 BUFFER_POOL DEFAULT FLASH_CACHE DEFAULT CELL_FLASH_CACHE DEFAULT)
  TABLESPACE "SYSTEM"  ENABLE;
  ALTER TABLE "ATEAM"."SENSOR" MODIFY ("LONGITUDE" NOT NULL ENABLE);
  ALTER TABLE "ATEAM"."SENSOR" MODIFY ("LATITUDE" NOT NULL ENABLE);
  ALTER TABLE "ATEAM"."SENSOR" MODIFY ("SENSOR_ID" NOT NULL ENABLE);
  ALTER TABLE "ATEAM"."SENSOR" MODIFY ("STORE_NUMBER" NOT NULL ENABLE);
--------------------------------------------------------
--  Constraints for Table WEB_NOTICE_COMENT
--------------------------------------------------------

  ALTER TABLE "ATEAM"."WEB_NOTICE_COMENT" ADD CONSTRAINT "PK_WEB_NOTICE_COMENT" PRIMARY KEY ("NOTICE_COMENT_ID")
  USING INDEX PCTFREE 10 INITRANS 2 MAXTRANS 255 COMPUTE STATISTICS 
  STORAGE(INITIAL 65536 NEXT 1048576 MINEXTENTS 1 MAXEXTENTS 2147483645
  PCTINCREASE 0 FREELISTS 1 FREELIST GROUPS 1 BUFFER_POOL DEFAULT FLASH_CACHE DEFAULT CELL_FLASH_CACHE DEFAULT)
  TABLESPACE "SYSTEM"  ENABLE;
  ALTER TABLE "ATEAM"."WEB_NOTICE_COMENT" MODIFY ("COMENT_CONTENT" NOT NULL ENABLE);
  ALTER TABLE "ATEAM"."WEB_NOTICE_COMENT" MODIFY ("CUSTOMER_EMAIL" NOT NULL ENABLE);
  ALTER TABLE "ATEAM"."WEB_NOTICE_COMENT" MODIFY ("NOTICE_ID" NOT NULL ENABLE);
  ALTER TABLE "ATEAM"."WEB_NOTICE_COMENT" MODIFY ("NOTICE_COMENT_ID" NOT NULL ENABLE);
--------------------------------------------------------
--  Constraints for Table STATE_LOG
--------------------------------------------------------

  ALTER TABLE "ATEAM"."STATE_LOG" ADD CONSTRAINT "PK_STATE_LOG" PRIMARY KEY ("LOG_ID")
  USING INDEX PCTFREE 10 INITRANS 2 MAXTRANS 255 COMPUTE STATISTICS 
  STORAGE(INITIAL 65536 NEXT 1048576 MINEXTENTS 1 MAXEXTENTS 2147483645
  PCTINCREASE 0 FREELISTS 1 FREELIST GROUPS 1 BUFFER_POOL DEFAULT FLASH_CACHE DEFAULT CELL_FLASH_CACHE DEFAULT)
  TABLESPACE "SYSTEM"  ENABLE;
  ALTER TABLE "ATEAM"."STATE_LOG" MODIFY ("SENSOR_ID" NOT NULL ENABLE);
  ALTER TABLE "ATEAM"."STATE_LOG" MODIFY ("STORE_NUMBER" NOT NULL ENABLE);
  ALTER TABLE "ATEAM"."STATE_LOG" MODIFY ("INVENTORY_NUMBER" NOT NULL ENABLE);
  ALTER TABLE "ATEAM"."STATE_LOG" MODIFY ("LOG_ID" NOT NULL ENABLE);
--------------------------------------------------------
--  Constraints for Table STATE
--------------------------------------------------------

  ALTER TABLE "ATEAM"."STATE" ADD CONSTRAINT "PK_STATE" PRIMARY KEY ("INVENTORY_NUMBER", "STORE_NUMBER")
  USING INDEX PCTFREE 10 INITRANS 2 MAXTRANS 255 COMPUTE STATISTICS 
  STORAGE(INITIAL 65536 NEXT 1048576 MINEXTENTS 1 MAXEXTENTS 2147483645
  PCTINCREASE 0 FREELISTS 1 FREELIST GROUPS 1 BUFFER_POOL DEFAULT FLASH_CACHE DEFAULT CELL_FLASH_CACHE DEFAULT)
  TABLESPACE "SYSTEM"  ENABLE;
  ALTER TABLE "ATEAM"."STATE" MODIFY ("STORE_NUMBER" NOT NULL ENABLE);
  ALTER TABLE "ATEAM"."STATE" MODIFY ("INVENTORY_NUMBER" NOT NULL ENABLE);
--------------------------------------------------------
--  Constraints for Table WEB_BEST_QNA
--------------------------------------------------------

  ALTER TABLE "ATEAM"."WEB_BEST_QNA" ADD CONSTRAINT "PK_WEB_BEST_QNA" PRIMARY KEY ("BEST_QNA_ID")
  USING INDEX PCTFREE 10 INITRANS 2 MAXTRANS 255 COMPUTE STATISTICS 
  STORAGE(INITIAL 65536 NEXT 1048576 MINEXTENTS 1 MAXEXTENTS 2147483645
  PCTINCREASE 0 FREELISTS 1 FREELIST GROUPS 1 BUFFER_POOL DEFAULT FLASH_CACHE DEFAULT CELL_FLASH_CACHE DEFAULT)
  TABLESPACE "SYSTEM"  ENABLE;
  ALTER TABLE "ATEAM"."WEB_BEST_QNA" MODIFY ("BEST_QNA_CONTENT" NOT NULL ENABLE);
  ALTER TABLE "ATEAM"."WEB_BEST_QNA" MODIFY ("BEST_QNA_TITLE" NOT NULL ENABLE);
  ALTER TABLE "ATEAM"."WEB_BEST_QNA" MODIFY ("CUSTOMER_EMAIL" NOT NULL ENABLE);
  ALTER TABLE "ATEAM"."WEB_BEST_QNA" MODIFY ("BEST_QNA_ID" NOT NULL ENABLE);
--------------------------------------------------------
--  Constraints for Table STORE_FILE
--------------------------------------------------------

  ALTER TABLE "ATEAM"."STORE_FILE" ADD CONSTRAINT "PK_STORE_FILE" PRIMARY KEY ("FILE_ID")
  USING INDEX PCTFREE 10 INITRANS 2 MAXTRANS 255 COMPUTE STATISTICS 
  STORAGE(INITIAL 65536 NEXT 1048576 MINEXTENTS 1 MAXEXTENTS 2147483645
  PCTINCREASE 0 FREELISTS 1 FREELIST GROUPS 1 BUFFER_POOL DEFAULT FLASH_CACHE DEFAULT CELL_FLASH_CACHE DEFAULT)
  TABLESPACE "SYSTEM"  ENABLE;
  ALTER TABLE "ATEAM"."STORE_FILE" MODIFY ("FILE_ID" NOT NULL ENABLE);
--------------------------------------------------------
--  Constraints for Table WEB_NOTICE
--------------------------------------------------------

  ALTER TABLE "ATEAM"."WEB_NOTICE" ADD CONSTRAINT "PK_WEB_NOTICE" PRIMARY KEY ("NOTICE_ID")
  USING INDEX PCTFREE 10 INITRANS 2 MAXTRANS 255 COMPUTE STATISTICS 
  STORAGE(INITIAL 65536 NEXT 1048576 MINEXTENTS 1 MAXEXTENTS 2147483645
  PCTINCREASE 0 FREELISTS 1 FREELIST GROUPS 1 BUFFER_POOL DEFAULT FLASH_CACHE DEFAULT CELL_FLASH_CACHE DEFAULT)
  TABLESPACE "SYSTEM"  ENABLE;
  ALTER TABLE "ATEAM"."WEB_NOTICE" MODIFY ("NOTICE_CONTENT" NOT NULL ENABLE);
  ALTER TABLE "ATEAM"."WEB_NOTICE" MODIFY ("NOTICE_TITLE" NOT NULL ENABLE);
  ALTER TABLE "ATEAM"."WEB_NOTICE" MODIFY ("CUSTOMER_EMAIL" NOT NULL ENABLE);
  ALTER TABLE "ATEAM"."WEB_NOTICE" MODIFY ("NOTICE_ID" NOT NULL ENABLE);
  ALTER TABLE "ATEAM"."WEB_NOTICE" MODIFY ("NOTICE_ATTRIBUTE" NOT NULL ENABLE);
--------------------------------------------------------
--  Constraints for Table FAVORITE
--------------------------------------------------------

  ALTER TABLE "ATEAM"."FAVORITE" ADD CONSTRAINT "PK_FAVORITE" PRIMARY KEY ("FAV_NUMBER")
  USING INDEX PCTFREE 10 INITRANS 2 MAXTRANS 255 COMPUTE STATISTICS 
  STORAGE(INITIAL 65536 NEXT 1048576 MINEXTENTS 1 MAXEXTENTS 2147483645
  PCTINCREASE 0 FREELISTS 1 FREELIST GROUPS 1 BUFFER_POOL DEFAULT FLASH_CACHE DEFAULT CELL_FLASH_CACHE DEFAULT)
  TABLESPACE "SYSTEM"  ENABLE;
  ALTER TABLE "ATEAM"."FAVORITE" MODIFY ("STORE_NUMBER" NOT NULL ENABLE);
  ALTER TABLE "ATEAM"."FAVORITE" MODIFY ("CUSTOMER_EMAIL" NOT NULL ENABLE);
  ALTER TABLE "ATEAM"."FAVORITE" MODIFY ("FAV_NUMBER" NOT NULL ENABLE);
--------------------------------------------------------
--  Constraints for Table CUSTOMER
--------------------------------------------------------

  ALTER TABLE "ATEAM"."CUSTOMER" ADD CONSTRAINT "PK_CUSTOMER" PRIMARY KEY ("CUSTOMER_EMAIL")
  USING INDEX PCTFREE 10 INITRANS 2 MAXTRANS 255 COMPUTE STATISTICS 
  STORAGE(INITIAL 65536 NEXT 1048576 MINEXTENTS 1 MAXEXTENTS 2147483645
  PCTINCREASE 0 FREELISTS 1 FREELIST GROUPS 1 BUFFER_POOL DEFAULT FLASH_CACHE DEFAULT CELL_FLASH_CACHE DEFAULT)
  TABLESPACE "SYSTEM"  ENABLE;
  ALTER TABLE "ATEAM"."CUSTOMER" MODIFY ("CUSTOMER_NAME" NOT NULL ENABLE);
  ALTER TABLE "ATEAM"."CUSTOMER" MODIFY ("CUSTOMER_EMAIL" NOT NULL ENABLE);
--------------------------------------------------------
--  Constraints for Table WEB_QNA
--------------------------------------------------------

  ALTER TABLE "ATEAM"."WEB_QNA" ADD CONSTRAINT "PK_WEB_QNA" PRIMARY KEY ("QNA_ID")
  USING INDEX PCTFREE 10 INITRANS 2 MAXTRANS 255 COMPUTE STATISTICS 
  STORAGE(INITIAL 65536 NEXT 1048576 MINEXTENTS 1 MAXEXTENTS 2147483645
  PCTINCREASE 0 FREELISTS 1 FREELIST GROUPS 1 BUFFER_POOL DEFAULT FLASH_CACHE DEFAULT CELL_FLASH_CACHE DEFAULT)
  TABLESPACE "SYSTEM"  ENABLE;
  ALTER TABLE "ATEAM"."WEB_QNA" MODIFY ("QNA_CONTENT" NOT NULL ENABLE);
  ALTER TABLE "ATEAM"."WEB_QNA" MODIFY ("QNA_TITLE" NOT NULL ENABLE);
  ALTER TABLE "ATEAM"."WEB_QNA" MODIFY ("CUSTOMER_EMAIL" NOT NULL ENABLE);
  ALTER TABLE "ATEAM"."WEB_QNA" MODIFY ("QNA_ID" NOT NULL ENABLE);
--------------------------------------------------------
--  Constraints for Table STORE
--------------------------------------------------------

  ALTER TABLE "ATEAM"."STORE" ADD CONSTRAINT "PK_STORE" PRIMARY KEY ("STORE_NUMBER")
  USING INDEX PCTFREE 10 INITRANS 2 MAXTRANS 255 COMPUTE STATISTICS 
  STORAGE(INITIAL 65536 NEXT 1048576 MINEXTENTS 1 MAXEXTENTS 2147483645
  PCTINCREASE 0 FREELISTS 1 FREELIST GROUPS 1 BUFFER_POOL DEFAULT FLASH_CACHE DEFAULT CELL_FLASH_CACHE DEFAULT)
  TABLESPACE "SYSTEM"  ENABLE;
  ALTER TABLE "ATEAM"."STORE" MODIFY ("STORE_FAVORITE_CNT" NOT NULL ENABLE);
  ALTER TABLE "ATEAM"."STORE" MODIFY ("STORE_NUMBER" NOT NULL ENABLE);
--------------------------------------------------------
--  Constraints for Table AUTHORITY
--------------------------------------------------------

  ALTER TABLE "ATEAM"."AUTHORITY" ADD CONSTRAINT "AUTHORITY_PK" PRIMARY KEY ("AUTHORITY_NUMBER")
  USING INDEX PCTFREE 10 INITRANS 2 MAXTRANS 255 COMPUTE STATISTICS 
  STORAGE(INITIAL 65536 NEXT 1048576 MINEXTENTS 1 MAXEXTENTS 2147483645
  PCTINCREASE 0 FREELISTS 1 FREELIST GROUPS 1 BUFFER_POOL DEFAULT FLASH_CACHE DEFAULT CELL_FLASH_CACHE DEFAULT)
  TABLESPACE "SYSTEM"  ENABLE;
  ALTER TABLE "ATEAM"."AUTHORITY" MODIFY ("AUTHORITY_NAME" NOT NULL ENABLE);
  ALTER TABLE "ATEAM"."AUTHORITY" MODIFY ("AUTHORITY_NUMBER" NOT NULL ENABLE);
--------------------------------------------------------
--  Ref Constraints for Table AUTHORITY
--------------------------------------------------------

  ALTER TABLE "ATEAM"."AUTHORITY" ADD CONSTRAINT "FK_AUTHORITY_TO_CUSTOMER_1" FOREIGN KEY ("CUSTOMER_EMAIL")
	  REFERENCES "ATEAM"."CUSTOMER" ("CUSTOMER_EMAIL") ON DELETE CASCADE ENABLE;
--------------------------------------------------------
--  Ref Constraints for Table FAVORITE
--------------------------------------------------------

  ALTER TABLE "ATEAM"."FAVORITE" ADD CONSTRAINT "FK_CUSTOMER_TO_FAVORITE_1" FOREIGN KEY ("CUSTOMER_EMAIL")
	  REFERENCES "ATEAM"."CUSTOMER" ("CUSTOMER_EMAIL") ON DELETE CASCADE ENABLE;
  ALTER TABLE "ATEAM"."FAVORITE" ADD CONSTRAINT "FK_STORE_TO_FAVORITE_1" FOREIGN KEY ("STORE_NUMBER")
	  REFERENCES "ATEAM"."STORE" ("STORE_NUMBER") ON DELETE CASCADE ENABLE;
--------------------------------------------------------
--  Ref Constraints for Table REVIEW
--------------------------------------------------------

  ALTER TABLE "ATEAM"."REVIEW" ADD CONSTRAINT "FK_CUSTOMER_TO_REVIEW_1" FOREIGN KEY ("CUSTOMER_EMAIL")
	  REFERENCES "ATEAM"."CUSTOMER" ("CUSTOMER_EMAIL") ON DELETE CASCADE ENABLE;
  ALTER TABLE "ATEAM"."REVIEW" ADD CONSTRAINT "FK_STORE_TO_REVIEW_1" FOREIGN KEY ("STORE_NUMBER")
	  REFERENCES "ATEAM"."STORE" ("STORE_NUMBER") ON DELETE CASCADE ENABLE;
--------------------------------------------------------
--  Ref Constraints for Table SENSOR
--------------------------------------------------------

  ALTER TABLE "ATEAM"."SENSOR" ADD CONSTRAINT "FK_STORE_TO_SENSOR_1" FOREIGN KEY ("STORE_NUMBER")
	  REFERENCES "ATEAM"."STORE" ("STORE_NUMBER") ON DELETE CASCADE ENABLE;
--------------------------------------------------------
--  Ref Constraints for Table STATE
--------------------------------------------------------

  ALTER TABLE "ATEAM"."STATE" ADD CONSTRAINT "FK_SENSOR_TO_STATE_1" FOREIGN KEY ("SENSOR_ID")
	  REFERENCES "ATEAM"."SENSOR" ("SENSOR_ID") ON DELETE CASCADE ENABLE;
  ALTER TABLE "ATEAM"."STATE" ADD CONSTRAINT "FK_STORE_TO_STATE_1" FOREIGN KEY ("STORE_NUMBER")
	  REFERENCES "ATEAM"."STORE" ("STORE_NUMBER") ON DELETE CASCADE ENABLE;
--------------------------------------------------------
--  Ref Constraints for Table STATE_LOG
--------------------------------------------------------

  ALTER TABLE "ATEAM"."STATE_LOG" ADD CONSTRAINT "FK_STATE_TO_SENSOR_LOG" FOREIGN KEY ("SENSOR_ID")
	  REFERENCES "ATEAM"."SENSOR" ("SENSOR_ID") ENABLE;
  ALTER TABLE "ATEAM"."STATE_LOG" ADD CONSTRAINT "FK_STATE_TO_STATE_LOG" FOREIGN KEY ("INVENTORY_NUMBER", "STORE_NUMBER")
	  REFERENCES "ATEAM"."STATE" ("INVENTORY_NUMBER", "STORE_NUMBER") ON DELETE CASCADE ENABLE;
--------------------------------------------------------
--  Ref Constraints for Table STORE
--------------------------------------------------------

  ALTER TABLE "ATEAM"."STORE" ADD CONSTRAINT "FK_CUSTOMER_TO_STORE_1" FOREIGN KEY ("CUSTOMER_EMAIL")
	  REFERENCES "ATEAM"."CUSTOMER" ("CUSTOMER_EMAIL") ON DELETE CASCADE ENABLE;
--------------------------------------------------------
--  Ref Constraints for Table STORE_FILE
--------------------------------------------------------

  ALTER TABLE "ATEAM"."STORE_FILE" ADD CONSTRAINT "FK_STORE_TO_STORE_FILE_1" FOREIGN KEY ("STORE_NUMBER")
	  REFERENCES "ATEAM"."STORE" ("STORE_NUMBER") ON DELETE CASCADE ENABLE;
--------------------------------------------------------
--  Ref Constraints for Table WEB_BEST_QNA
--------------------------------------------------------

  ALTER TABLE "ATEAM"."WEB_BEST_QNA" ADD CONSTRAINT "FK_CUSTOMER_TO_WEB_BEST_QNA_1" FOREIGN KEY ("CUSTOMER_EMAIL")
	  REFERENCES "ATEAM"."CUSTOMER" ("CUSTOMER_EMAIL") ON DELETE CASCADE ENABLE;
--------------------------------------------------------
--  Ref Constraints for Table WEB_NOTICE
--------------------------------------------------------

  ALTER TABLE "ATEAM"."WEB_NOTICE" ADD CONSTRAINT "FK_CUSTOMER_TO_WEB_NOTICE_1" FOREIGN KEY ("CUSTOMER_EMAIL")
	  REFERENCES "ATEAM"."CUSTOMER" ("CUSTOMER_EMAIL") ON DELETE CASCADE ENABLE;
--------------------------------------------------------
--  Ref Constraints for Table WEB_NOTICE_COMENT
--------------------------------------------------------

  ALTER TABLE "ATEAM"."WEB_NOTICE_COMENT" ADD CONSTRAINT "FK_CUSTOMER_TO_NOTICE_COMENT_1" FOREIGN KEY ("CUSTOMER_EMAIL")
	  REFERENCES "ATEAM"."CUSTOMER" ("CUSTOMER_EMAIL") ON DELETE CASCADE ENABLE;
  ALTER TABLE "ATEAM"."WEB_NOTICE_COMENT" ADD CONSTRAINT "FK_NOTICE_TO_NOTICE_COMENT_1" FOREIGN KEY ("NOTICE_ID")
	  REFERENCES "ATEAM"."WEB_NOTICE" ("NOTICE_ID") ON DELETE CASCADE ENABLE;
--------------------------------------------------------
--  Ref Constraints for Table WEB_QNA
--------------------------------------------------------

  ALTER TABLE "ATEAM"."WEB_QNA" ADD CONSTRAINT "FK_CUSTOMER_TO_WEB_QNA_1" FOREIGN KEY ("CUSTOMER_EMAIL")
	  REFERENCES "ATEAM"."CUSTOMER" ("CUSTOMER_EMAIL") ON DELETE CASCADE ENABLE;
